,year,month,emd_nm,resd_work20_visit_age,work_age_0-10
0,2018,1,건입동,10545305.291799998,33510.042100000006
1,2018,1,구좌읍,13736552.5974,115808.0982
2,2018,1,남원읍,14835869.737699999,59912.2082
3,2018,1,노형동,54385287.302,783070.8816999998
4,2018,1,대륜동,15571258.970199998,113728.78820000001
5,2018,1,대정읍,16271762.5257,64830.00690000001
6,2018,1,대천동,8995469.971,52326.0082
7,2018,1,도두동,3685907.8441999997,5466.2921
8,2018,1,동홍동,17589211.570200004,296204.8744
9,2018,1,봉개동,5246213.0549,106370.07919999998
10,2018,1,삼도1동,11700575.2373,67992.47630000001
11,2018,1,삼도2동,7356659.148600001,37322.32310000001
12,2018,1,삼양동,17857460.252499998,88308.70750000002
13,2018,1,서홍동,6196566.3076,48852.7055
14,2018,1,성산읍,15298846.8187,32405.021099999998
15,2018,1,송산동,2697252.1591,3328.7528999999995
16,2018,1,아라동,33195177.345300008,492002.9199000001
17,2018,1,안덕면,16841019.8089,358312.6526
18,2018,1,애월읍,39028749.107,206681.12239999996
19,2018,1,연동,51554016.41919999,467651.18739999994
20,2018,1,영천동,5751194.7784,106859.3396
21,2018,1,예래동,8126253.6382,30286.791700000005
22,2018,1,오라동,19011563.517399997,90779.44419999998
23,2018,1,외도동,10126595.5541,71672.45859999998
24,2018,1,용담1동,8122465.3163,85760.20319999999
25,2018,1,용담2동,17195118.046400003,221249.66299999994
26,2018,1,우도면,1474900.0022,3785.2830999999996
27,2018,1,이도1동,11467783.9896,74466.6949
28,2018,1,이도2동,59816038.9244,1080610.0009999997
29,2018,1,이호동,4548607.9691,2486.0965999999994
30,2018,1,일도1동,3334619.0073,22687.939800000004
31,2018,1,일도2동,30311502.683300007,231120.24070000002
32,2018,1,정방동,4953240.5745,28016.987500000003
33,2018,1,조천읍,21520430.095000003,106341.21840000001
34,2018,1,중문동,8826137.2846,66274.58769999999
35,2018,1,중앙동,4972620.958800001,96219.8475
36,2018,1,천지동,2252021.9791,11190.367699999999
37,2018,1,추자면,1612062.0895000002,100.888
38,2018,1,표선면,10579065.0882,70365.51260000002
39,2018,1,한경면,6212558.0162,14070.0762
40,2018,1,한림읍,19671254.382600002,167746.7927
41,2018,1,화북동,25486322.9309,330608.22870000004
42,2018,1,효돈동,4036662.6904999996,26989.07110000001
43,2018,2,건입동,9558365.4775,31837.157700000003
44,2018,2,구좌읍,12210283.053000001,51200.59959999999
45,2018,2,남원읍,12512850.022799999,67873.3571
46,2018,2,노형동,47940287.288399994,501886.6569999999
47,2018,2,대륜동,13759594.944500003,72035.50910000001
48,2018,2,대정읍,14459091.2513,49441.5254
49,2018,2,대천동,7264282.6133,27036.638899999998
50,2018,2,도두동,3076541.6168000004,7497.401
51,2018,2,동홍동,15794118.221099999,106929.8678
52,2018,2,봉개동,4365912.0696,23863.885199999997
53,2018,2,삼도1동,10381370.8295,84127.7244
54,2018,2,삼도2동,6492046.738700001,27746.290700000005
55,2018,2,삼양동,16650180.455,54153.9861
56,2018,2,서홍동,5552703.017000001,25869.373400000004
57,2018,2,성산읍,13259804.180599999,31784.300899999995
58,2018,2,송산동,2314420.9601,10322.542400000002
59,2018,2,아라동,29789607.917500004,149448.5624
60,2018,2,안덕면,15011050.7997,196676.43720000001
61,2018,2,애월읍,34270299.0457,140983.24109999998
62,2018,2,연동,45493913.2094,352459.7622
63,2018,2,영천동,5061568.2165,45821.86650000001
64,2018,2,예래동,6807802.639400001,27960.0328
65,2018,2,오라동,17124612.6118,116143.35300000003
66,2018,2,외도동,8634082.5352,64165.455799999996
67,2018,2,용담1동,7445571.628299999,29327.1454
68,2018,2,용담2동,15259531.738499999,110821.66690000001
69,2018,2,우도면,1332509.1106000002,5205.228800000001
70,2018,2,이도1동,10254864.719200002,95064.78950000001
71,2018,2,이도2동,53628892.1207,835157.5624999999
72,2018,2,이호동,4060188.7989999996,14254.0173
73,2018,2,일도1동,2976356.6338,26385.6002
74,2018,2,일도2동,27768518.309299994,207131.18470000004
75,2018,2,정방동,4062663.4911,22324.208000000006
76,2018,2,조천읍,18485323.6389,71653.4324
77,2018,2,중문동,7550376.7140999995,44711.0447
78,2018,2,중앙동,4428665.0233,78363.21389999997
79,2018,2,천지동,1591096.7173999997,9833.838800000001
80,2018,2,추자면,1340044.0324000001,1676.4271
81,2018,2,표선면,9186858.052000001,32889.6553
82,2018,2,한경면,5634599.524199999,13721.3
83,2018,2,한림읍,16970693.1104,57348.4449
84,2018,2,화북동,22786746.691899996,143926.59530000004
85,2018,2,효돈동,3632828.5921,11324.734199999999
86,2018,3,건입동,10124298.5279,33935.8408
87,2018,3,구좌읍,13907962.7183,59820.04250000001
88,2018,3,남원읍,13158656.6909,28070.833
89,2018,3,노형동,53352390.1142,533030.4205
90,2018,3,대륜동,15025401.1386,35603.482200000006
91,2018,3,대정읍,15627389.015299998,56577.37660000001
92,2018,3,대천동,7745699.1245,27210.0081
93,2018,3,도두동,3371793.1672,3703.3039000000003
94,2018,3,동홍동,16643164.3411,148795.99730000002
95,2018,3,봉개동,5731992.7622,41193.3752
96,2018,3,삼도1동,10694402.67,67295.021
97,2018,3,삼도2동,6959030.8082,21622.8154
98,2018,3,삼양동,17341250.6212,55944.23090000001
99,2018,3,서홍동,5760829.844999999,26352.973299999998
100,2018,3,성산읍,14371159.8916,37154.6455
101,2018,3,송산동,2253671.7483,5925.672099999999
102,2018,3,아라동,39532484.8337,286693.26430000004
103,2018,3,안덕면,16603758.8082,173263.21289999998
104,2018,3,애월읍,39500464.227199994,175440.23630000002
105,2018,3,연동,49628625.134899996,366970.8511999999
106,2018,3,영천동,5704593.3168,36136.789300000004
107,2018,3,예래동,7207802.566300001,22373.5513
108,2018,3,오라동,18325057.2581,99037.3653
109,2018,3,외도동,9013446.169100001,71522.884
110,2018,3,용담1동,7812419.9442,31381.5697
111,2018,3,용담2동,15939890.865,125554.96239999999
112,2018,3,우도면,1568501.4334,4084.8116
113,2018,3,이도1동,10848128.0766,80709.9043
114,2018,3,이도2동,57230440.2178,899666.9951000002
115,2018,3,이호동,4427659.9315,13062.533
116,2018,3,일도1동,3171554.3394,16761.1339
117,2018,3,일도2동,28206718.980300006,232058.35700000002
118,2018,3,정방동,4083130.6514999997,16478.5205
119,2018,3,조천읍,20842777.0096,92450.3161
120,2018,3,중문동,8378318.758399999,56035.3726
121,2018,3,중앙동,4804482.7662,71893.50460000001
122,2018,3,천지동,1629908.8556,4673.149699999999
123,2018,3,추자면,1643541.951,425.8857
124,2018,3,표선면,10489924.8886,18040.5536
125,2018,3,한경면,6362577.995200001,12485.2292
126,2018,3,한림읍,19812700.2101,54752.5101
127,2018,3,화북동,24954336.5475,143339.3513
128,2018,3,효돈동,3571272.1769000003,2348.485200000001
129,2018,4,건입동,9900410.2214,110397.34899999997
130,2018,4,구좌읍,14377585.568099998,374063.3859
131,2018,4,남원읍,13457281.8026,35358.52739999999
132,2018,4,노형동,50808056.8556,1802039.8121999996
133,2018,4,대륜동,14921766.8287,222990.2623
134,2018,4,대정읍,15733601.5058,187894.7397
135,2018,4,대천동,7775042.464500001,134185.48639999997
136,2018,4,도두동,3746131.0328,3972.8582
137,2018,4,동홍동,15787881.3404,466508.7256
138,2018,4,봉개동,5862194.3560999995,589814.9525
139,2018,4,삼도1동,10369467.8726,51535.8617
140,2018,4,삼도2동,6763401.9558,52202.1464
141,2018,4,삼양동,16880227.4336,67187.4308
142,2018,4,서홍동,5365383.1876,86648.69759999998
143,2018,4,성산읍,15287700.205200002,52654.0022
144,2018,4,송산동,2401254.3362000003,3991.4384
145,2018,4,아라동,37249487.9219,2709797.2817999995
146,2018,4,안덕면,17510232.2148,238541.65540000005
147,2018,4,애월읍,38950938.72310001,359767.2542000001
148,2018,4,연동,47941896.517299995,663011.1713
149,2018,4,영천동,5409169.6131,347420.6611
150,2018,4,예래동,8126682.381300001,17364.4352
151,2018,4,오라동,17389024.621999998,54857.864700000006
152,2018,4,외도동,9449940.4606,44749.339499999995
153,2018,4,용담1동,7289829.922800001,127278.44699999999
154,2018,4,용담2동,16174427.741300002,678257.4577000001
155,2018,4,우도면,1688414.0296,5772.3024000000005
156,2018,4,이도1동,10503517.7177,81632.96319999998
157,2018,4,이도2동,54272561.1419,1738393.2861000001
158,2018,4,이호동,4467435.7106,3788.7516000000005
159,2018,4,일도1동,3150826.4408,7258.149200000001
160,2018,4,일도2동,26868937.971499994,209850.642
161,2018,4,정방동,4209964.986399999,13767.646699999998
162,2018,4,조천읍,21773464.307200003,185751.88429999998
163,2018,4,중문동,8540913.8745,135543.58569999997
164,2018,4,중앙동,4493057.4893,183645.20869999996
165,2018,4,천지동,1813010.1848,322.82869999999997
166,2018,4,추자면,1762974.4755000002,423.5191
167,2018,4,표선면,11409442.333700001,147652.2094
168,2018,4,한경면,6498058.4068,68264.1576
169,2018,4,한림읍,20113260.183099996,376926.24419999996
170,2018,4,화북동,23214131.5493,869545.2777
171,2018,4,효돈동,3473324.1193000004,16306.888799999999
172,2018,5,건입동,10243694.5445,97437.6245
173,2018,5,구좌읍,15143233.222699998,329123.51649999997
174,2018,5,남원읍,13852124.444300001,36015.7469
175,2018,5,노형동,52365396.6825,1736295.6099
176,2018,5,대륜동,15603443.259499999,249349.41129999998
177,2018,5,대정읍,16342625.3169,160514.5417
178,2018,5,대천동,8268921.3434,110902.10140000001
179,2018,5,도두동,3886766.127800001,4543.3015
180,2018,5,동홍동,16352959.8625,479827.4569
181,2018,5,봉개동,5979592.259200001,513715.33999999997
182,2018,5,삼도1동,10770185.359699998,72572.65409999999
183,2018,5,삼도2동,7009908.7805,48199.77699999999
184,2018,5,삼양동,17739979.6902,74994.4626
185,2018,5,서홍동,5662074.303299999,88498.9603
186,2018,5,성산읍,15789480.448999997,53104.165
187,2018,5,송산동,2520155.3598,4067.667100000001
188,2018,5,아라동,38272156.3437,2536980.0314999996
189,2018,5,안덕면,18188290.7576,240186.69079999998
190,2018,5,애월읍,39605755.12370001,362186.50580000004
191,2018,5,연동,49032216.6583,732096.2418
192,2018,5,영천동,5623010.0033,315665.169
193,2018,5,예래동,8671253.771000002,18428.9603
194,2018,5,오라동,17639727.553799998,46925.893899999995
195,2018,5,외도동,10158183.285600001,45628.27130000001
196,2018,5,용담1동,7522173.6699,115093.27489999999
197,2018,5,용담2동,16840405.4281,555181.0351000001
198,2018,5,우도면,1680539.3346000002,4872.775299999999
199,2018,5,이도1동,10738130.7829,89577.70620000002
200,2018,5,이도2동,56193789.037200004,1625829.8076999998
201,2018,5,이호동,4628140.647700001,8969.874
202,2018,5,일도1동,3343255.3638000004,11570.5366
203,2018,5,일도2동,27831760.1633,218130.76950000002
204,2018,5,정방동,4539949.7841,17569.0157
205,2018,5,조천읍,22929497.462399997,212567.46649999995
206,2018,5,중문동,8966414.7848,151044.85229999997
207,2018,5,중앙동,4747244.5095,176672.74810000003
208,2018,5,천지동,1947700.4132000003,2641.5624
209,2018,5,추자면,1763994.3859999997,0.0
210,2018,5,표선면,11538916.6555,163099.5361
211,2018,5,한경면,6516040.6581,48636.621599999984
212,2018,5,한림읍,20815663.6828,420908.2096999999
213,2018,5,화북동,23838977.370400004,805615.2527
214,2018,5,효돈동,3652533.6347000003,18004.398999999998
215,2018,6,건입동,9889656.683699999,72104.2417
216,2018,6,구좌읍,14548312.0861,346049.56570000004
217,2018,6,남원읍,13223206.3129,29893.93379999999
218,2018,6,노형동,50584130.9346,1630235.3106000002
219,2018,6,대륜동,14388035.4797,236703.10060000003
220,2018,6,대정읍,15258359.312900001,153568.8332
221,2018,6,대천동,7935222.2698,104308.9168
222,2018,6,도두동,3626656.6766,5911.3937000000005
223,2018,6,동홍동,15964179.4172,484162.44180000003
224,2018,6,봉개동,5333088.2140999995,445880.49049999996
225,2018,6,삼도1동,10729297.2717,73281.39929999999
226,2018,6,삼도2동,6790193.3465,45628.43710000001
227,2018,6,삼양동,17645394.7878,73164.9354
228,2018,6,서홍동,5412555.0545,90794.7082
229,2018,6,성산읍,14740056.7863,57496.69009999999
230,2018,6,송산동,2403899.8772,8759.355200000002
231,2018,6,아라동,36631040.9251,2228474.5998
232,2018,6,안덕면,15991423.310700003,151287.14239999995
233,2018,6,애월읍,38706993.20289999,315227.1261
234,2018,6,연동,47372027.069900006,706675.6611
235,2018,6,영천동,5420920.941599999,309160.6881
236,2018,6,예래동,8145144.4956,23529.6693
237,2018,6,오라동,16910834.383099996,51523.37069999999
238,2018,6,외도동,10244061.251999998,47816.662800000006
239,2018,6,용담1동,7248046.9033,126486.14689999999
240,2018,6,용담2동,16211085.6085,512832.77859999996
241,2018,6,우도면,1772699.0446,6590.3642
242,2018,6,이도1동,10397295.161500003,91921.22280000002
243,2018,6,이도2동,54724203.65839999,1535209.9971000003
244,2018,6,이호동,4472554.6429,5085.034099999999
245,2018,6,일도1동,3260827.7087999997,15097.559800000003
246,2018,6,일도2동,27012771.587700002,227066.15770000004
247,2018,6,정방동,3986289.7636,9894.5886
248,2018,6,조천읍,22235879.8706,191102.70899999997
249,2018,6,중문동,8623556.019399999,151512.6324
250,2018,6,중앙동,4681279.237199999,162267.1491
251,2018,6,천지동,1793596.1104000001,1565.7182999999995
252,2018,6,추자면,1617945.8879999998,1931.0828999999999
253,2018,6,표선면,10898439.634,160584.07090000005
254,2018,6,한경면,6356443.6503,52596.8265
255,2018,6,한림읍,20272791.308000002,437325.4506
256,2018,6,화북동,23083556.365300003,725955.9993999999
257,2018,6,효돈동,3493911.3474000003,14233.580600000001
258,2018,7,건입동,9797541.4303,81412.13029999999
259,2018,7,구좌읍,15686018.5283,264904.2527
260,2018,7,남원읍,13974566.385400001,42795.52619999999
261,2018,7,노형동,52813347.167600006,1426186.7460999999
262,2018,7,대륜동,15720553.0967,219371.1678
263,2018,7,대정읍,15061583.1672,155189.69129999995
264,2018,7,대천동,8453134.0293,97410.94329999998
265,2018,7,도두동,3727336.2462999998,9817.621800000003
266,2018,7,동홍동,17868309.686499998,507876.3437999999
267,2018,7,봉개동,5468973.337900001,400357.39739999996
268,2018,7,삼도1동,11087177.942699999,48602.66900000001
269,2018,7,삼도2동,7153956.195499999,38711.165400000005
270,2018,7,삼양동,18722041.700799998,92267.16920000003
271,2018,7,서홍동,5679717.9778,84720.4828
272,2018,7,성산읍,15933913.059299998,52664.54490000001
273,2018,7,송산동,2545718.4157,2273.2685
274,2018,7,아라동,35703885.097,1512756.6875000005
275,2018,7,안덕면,15317026.0068,46678.5481
276,2018,7,애월읍,40451413.84729999,302387.0997000001
277,2018,7,연동,49640531.5298,678779.7567999999
278,2018,7,영천동,5155995.8054,211293.0901
279,2018,7,예래동,8719944.2361,26672.321299999996
280,2018,7,오라동,18291901.0939,58845.7766
281,2018,7,외도동,10568778.822099999,63998.846300000005
282,2018,7,용담1동,7634274.2886,117183.29970000002
283,2018,7,용담2동,17472276.650399998,471690.59699999995
284,2018,7,우도면,1986278.3259,5260.998600000001
285,2018,7,이도1동,10934449.9087,99768.77470000001
286,2018,7,이도2동,57675049.68550001,1356558.2567999999
287,2018,7,이호동,4878481.6186999995,19067.249500000005
288,2018,7,일도1동,3268825.2183,16693.075699999998
289,2018,7,일도2동,28722308.1463,273505.6009
290,2018,7,정방동,4350522.8909,12850.686399999999
291,2018,7,조천읍,23372353.2499,180932.1128
292,2018,7,중문동,9221704.2458,149888.26980000004
293,2018,7,중앙동,4998935.4704,158034.53770000002
294,2018,7,천지동,1795502.7545,3037.201
295,2018,7,추자면,1760095.7666,0.0
296,2018,7,표선면,11400267.9828,127646.67670000001
297,2018,7,한경면,6593307.4583,42440.27889999999
298,2018,7,한림읍,21528357.356799997,342933.3104999999
299,2018,7,화북동,24491455.609300002,625521.2415
300,2018,7,효돈동,3723012.0215,19160.9242
301,2018,8,건입동,9732512.2709,73975.0822
302,2018,8,구좌읍,16479237.8222,214096.15780000002
303,2018,8,남원읍,14255324.814800002,39338.7007
304,2018,8,노형동,54935569.4129,1140267.7939
305,2018,8,대륜동,16300309.512000002,194260.4346
306,2018,8,대정읍,16273420.408999998,103579.5294
307,2018,8,대천동,8833449.6884,63926.602599999984
308,2018,8,도두동,3884024.3916000007,9066.3987
309,2018,8,동홍동,18325598.876,370218.17480000004
310,2018,8,봉개동,5673105.1496,285311.17310000013
311,2018,8,삼도1동,11119085.511500001,57813.5901
312,2018,8,삼도2동,7307932.4989,32446.008100000006
313,2018,8,삼양동,18803692.655100003,97039.90879999999
314,2018,8,서홍동,5738046.553300001,50395.03770000001
315,2018,8,성산읍,16906915.4848,46747.8856
316,2018,8,송산동,2754524.1158,15581.672
317,2018,8,아라동,36965843.6381,1167949.6054999996
318,2018,8,안덕면,18088602.4168,105961.4467
319,2018,8,애월읍,42111840.721599996,283398.11139999994
320,2018,8,연동,49911485.3331,538036.2812999999
321,2018,8,영천동,5237747.8548,180108.13390000002
322,2018,8,예래동,8978950.8598,47332.1766
323,2018,8,오라동,18527363.3053,85836.75209999998
324,2018,8,외도동,10899181.7592,69535.4856
325,2018,8,용담1동,7713899.6433999995,69962.3367
326,2018,8,용담2동,18382159.2245,388462.1355
327,2018,8,우도면,2059974.1964999998,150.52710000000002
328,2018,8,이도1동,11071787.0645,119788.29110000002
329,2018,8,이도2동,57806846.3258,1238551.2778000003
330,2018,8,이호동,4892415.4572,19647.171200000004
331,2018,8,일도1동,3176311.3763,23741.7153
332,2018,8,일도2동,28542037.342199996,247746.10429999998
333,2018,8,정방동,4446108.7899,10061.1461
334,2018,8,조천읍,24323311.655100003,197578.80679999996
335,2018,8,중문동,9913499.5142,102267.0131
336,2018,8,중앙동,4933897.941,167441.0086
337,2018,8,천지동,1988686.1873999997,1615.6616999999999
338,2018,8,추자면,1874637.9985999998,0.0
339,2018,8,표선면,11795569.3391,86198.64289999999
340,2018,8,한경면,6856644.558700001,32489.498399999997
341,2018,8,한림읍,22516064.0467,189005.89089999997
342,2018,8,화북동,24740419.6752,450208.74419999996
343,2018,8,효돈동,3752827.579,7004.9084
344,2018,9,건입동,9627896.1452,85199.38320000001
345,2018,9,구좌읍,14411501.9195,255087.06459999995
346,2018,9,남원읍,13353279.973500002,29751.289699999998
347,2018,9,노형동,52226287.12680001,1134244.1620000002
348,2018,9,대륜동,14412587.786099996,231890.23429999995
349,2018,9,대정읍,15963261.821199998,142157.67359999998
350,2018,9,대천동,8008466.1577,51539.66010000001
351,2018,9,도두동,3291335.701,5670.5489
352,2018,9,동홍동,17146416.9499,379777.15539999993
353,2018,9,봉개동,5336575.837400001,324621.0636
354,2018,9,삼도1동,10936097.155000001,51998.4862
355,2018,9,삼도2동,7421951.1357,19796.84690000001
356,2018,9,삼양동,17533668.1334,82338.3799
357,2018,9,서홍동,5614293.924199999,68310.6108
358,2018,9,성산읍,15225218.319900002,41284.5009
359,2018,9,송산동,2418433.7945,5954.6924
360,2018,9,아라동,36629484.4542,1373272.1845999998
361,2018,9,안덕면,16095155.168999998,431810.2248000001
362,2018,9,애월읍,37517724.899900004,247671.3827
363,2018,9,연동,47144883.2374,477236.01690000005
364,2018,9,영천동,4762558.8157,213675.56110000005
365,2018,9,예래동,7448350.968699999,12044.7938
366,2018,9,오라동,16851432.8238,92473.175
367,2018,9,외도동,10419673.1758,54209.896199999996
368,2018,9,용담1동,7301276.6225000005,81109.23509999998
369,2018,9,용담2동,16571960.606199998,362147.3679
370,2018,9,우도면,1748275.3979,0.0
371,2018,9,이도1동,10640907.5788,93376.3423
372,2018,9,이도2동,55139601.88989999,1173569.6619000002
373,2018,9,이호동,4234900.4235,14482.076900000004
374,2018,9,일도1동,3062167.8647999996,17876.709000000003
375,2018,9,일도2동,27243855.226800002,173582.4072
376,2018,9,정방동,3930832.359600001,14422.764700000002
377,2018,9,조천읍,21770495.526100002,162680.99850000002
378,2018,9,중문동,9033199.6971,62826.047300000006
379,2018,9,중앙동,4559014.282,156469.0085
380,2018,9,천지동,1864218.8368,4374.3313
381,2018,9,추자면,1747158.9616,1285.0626000000002
382,2018,9,표선면,10613443.0378,105213.08130000002
383,2018,9,한경면,6572122.186099999,40408.847599999994
384,2018,9,한림읍,19986364.0536,250097.0758
385,2018,9,화북동,23826655.1982,519283.5022
386,2018,9,효돈동,3568122.8218,5953.799
387,2018,10,건입동,9710998.984300002,72981.832
388,2018,10,구좌읍,14387775.1214,350779.1577
389,2018,10,남원읍,14008192.769299999,36703.816999999995
390,2018,10,노형동,53971128.12860001,1565862.6223
391,2018,10,대륜동,15606438.6708,267753.83660000004
392,2018,10,대정읍,16311063.5354,126203.15460000001
393,2018,10,대천동,8597961.873300001,110440.74799999999
394,2018,10,도두동,3544040.9966,4420.4506
395,2018,10,동홍동,17369381.1426,499361.20329999994
396,2018,10,봉개동,5685277.1282,528026.0603
397,2018,10,삼도1동,11224295.7113,61287.9191
398,2018,10,삼도2동,7673992.516000001,47217.012800000004
399,2018,10,삼양동,17991217.211,95297.64039999999
400,2018,10,서홍동,5646040.3122000005,86429.24740000001
401,2018,10,성산읍,15586019.8636,62130.0227
402,2018,10,송산동,2400118.0198,8445.241499999998
403,2018,10,아라동,39094303.0296,2067947.8665000005
404,2018,10,안덕면,17325163.6318,304650.72380000004
405,2018,10,애월읍,38901663.5631,381191.59919999994
406,2018,10,연동,49845402.5642,716473.4842000001
407,2018,10,영천동,5050096.664099999,240757.40239999993
408,2018,10,예래동,7583092.0704,12756.351999999999
409,2018,10,오라동,17422543.5242,73044.93860000002
410,2018,10,외도동,10912943.286,64562.25270000001
411,2018,10,용담1동,7351880.996300001,123599.0927
412,2018,10,용담2동,16897164.6531,584393.0698999998
413,2018,10,우도면,1840672.9749,7995.8191
414,2018,10,이도1동,11004333.9393,119803.4092
415,2018,10,이도2동,56488179.6101,1594784.0454999998
416,2018,10,이호동,4483811.8155000005,678.4300000000001
417,2018,10,일도1동,3084851.9885,18945.602499999997
418,2018,10,일도2동,27492676.2339,243324.01410000006
419,2018,10,정방동,4348328.6526,20578.369099999996
420,2018,10,조천읍,22975332.2377,177126.24059999996
421,2018,10,중문동,9557766.0009,120949.09330000001
422,2018,10,중앙동,4990122.023700001,175407.0624
423,2018,10,천지동,1934218.1352,8169.9048
424,2018,10,추자면,1758669.1755999997,586.1535
425,2018,10,표선면,11036687.307099998,124059.4577
426,2018,10,한경면,6486818.048699999,54475.1332
427,2018,10,한림읍,20455358.118199997,364840.6927
428,2018,10,화북동,24517518.1394,745280.4843
429,2018,10,효돈동,3582686.9080000003,8322.9252
430,2018,11,건입동,9262839.2779,75176.43040000001
431,2018,11,구좌읍,13023807.152200002,349798.75600000005
432,2018,11,남원읍,13980412.0786,42808.88030000001
433,2018,11,노형동,52094429.4178,1554462.1430000002
434,2018,11,대륜동,14742500.628899999,203652.14280000003
435,2018,11,대정읍,15663125.5823,148913.9659
436,2018,11,대천동,7901606.0168,106593.17919999998
437,2018,11,도두동,3319909.8365,10049.9906
438,2018,11,동홍동,17009229.0649,498090.35310000007
439,2018,11,봉개동,5307170.4131000005,451795.52470000007
440,2018,11,삼도1동,10754247.5156,103145.19170000002
441,2018,11,삼도2동,7501750.7639,62388.54220000001
442,2018,11,삼양동,17507669.6832,74902.2407
443,2018,11,서홍동,5518519.994,109190.15790000003
444,2018,11,성산읍,14029513.276,50911.3338
445,2018,11,송산동,2238412.5738000004,4901.2342
446,2018,11,아라동,37756804.54889999,2028082.5213999995
447,2018,11,안덕면,16475932.007100001,324715.7432
448,2018,11,애월읍,37198469.120400004,315781.14410000003
449,2018,11,연동,48526973.408800006,725502.6585
450,2018,11,영천동,4794781.5363,214907.4684
451,2018,11,예래동,6978576.226300001,18536.565000000002
452,2018,11,오라동,17096601.625299998,79321.91920000002
453,2018,11,외도동,10220474.0143,53572.19569999999
454,2018,11,용담1동,7125191.948199999,130964.8114
455,2018,11,용담2동,16062773.5885,552725.6261
456,2018,11,우도면,1632597.807,4354.0747
457,2018,11,이도1동,10712123.4339,119663.764
458,2018,11,이도2동,55016456.20519999,1470568.1508
459,2018,11,이호동,4238393.3524,4523.9728
460,2018,11,일도1동,2937099.932,5244.0194
461,2018,11,일도2동,26544518.2359,240137.2063
462,2018,11,정방동,3875999.7140000006,19595.6192
463,2018,11,조천읍,21366209.3483,162061.30300000007
464,2018,11,중문동,9277770.894000001,146534.2403
465,2018,11,중앙동,4645304.7769,164849.9511
466,2018,11,천지동,1818834.5043,7808.5152
467,2018,11,추자면,1790468.8898999998,0.0
468,2018,11,표선면,10350094.618700001,107038.61409999998
469,2018,11,한경면,6149305.370100001,61949.94159999999
470,2018,11,한림읍,18902261.4549,344788.94240000006
471,2018,11,화북동,23588722.5613,798594.9432000001
472,2018,11,효돈동,3564268.4578,11132.7575
473,2018,12,건입동,9512353.296799999,79647.40900000001
474,2018,12,구좌읍,13434998.3039,261820.5004
475,2018,12,남원읍,14447930.333400002,34361.414500000006
476,2018,12,노형동,53923723.7044,1384993.2125
477,2018,12,대륜동,15395398.467799999,138969.12079999998
478,2018,12,대정읍,15737067.2704,138432.23390000002
479,2018,12,대천동,8101618.2621,112797.01590000003
480,2018,12,도두동,3169842.2976,9026.0537
481,2018,12,동홍동,17892316.716000002,437021.54610000004
482,2018,12,봉개동,5354777.533500001,339787.46599999996
483,2018,12,삼도1동,11172857.6914,77027.3051
484,2018,12,삼도2동,7794783.482,74439.948
485,2018,12,삼양동,18663368.193299998,108389.7636
486,2018,12,서홍동,5839599.981699999,98927.46530000001
487,2018,12,성산읍,14735930.789300002,55914.172999999995
488,2018,12,송산동,2477229.0215999996,4230.0279
489,2018,12,아라동,36877542.2724,1480890.6411000001
490,2018,12,안덕면,16231304.697299998,174789.9508
491,2018,12,애월읍,37971019.333399996,279279.39590000006
492,2018,12,연동,50403640.3304,746882.01
493,2018,12,영천동,5500771.1956,173313.45909999995
494,2018,12,예래동,7474040.0940000005,23990.707499999997
495,2018,12,오라동,18488931.3751,83363.8468
496,2018,12,외도동,10426887.160799999,47026.005099999995
497,2018,12,용담1동,7647553.0152,142400.0725
498,2018,12,용담2동,16228073.994199999,413463.5888
499,2018,12,우도면,1502322.7733999998,2517.7529999999997
500,2018,12,이도1동,11174730.1265,106244.6658
501,2018,12,이도2동,57624467.16059999,1452494.8226
502,2018,12,이호동,4367917.9265,1738.8939999999998
503,2018,12,일도1동,3107062.1415,8310.0674
504,2018,12,일도2동,28574601.7201,241228.1765
505,2018,12,정방동,4317354.5131,31704.539300000004
506,2018,12,조천읍,20946338.633,138301.2323
507,2018,12,중문동,9365958.1069,146285.8912
508,2018,12,중앙동,5065508.7186,137425.12259999997
509,2018,12,천지동,1864185.5306000002,6286.859900000001
510,2018,12,추자면,1855170.5699999998,11834.104
511,2018,12,표선면,10495219.1493,92704.27100000001
512,2018,12,한경면,6255784.5979,50702.33660000001
513,2018,12,한림읍,19155786.5649,271614.6993
514,2018,12,화북동,24768613.3642,648728.1245999999
515,2018,12,효돈동,3880508.6064,24043.6242
516,2019,1,건입동,9784316.5103,46375.33860000001
517,2019,1,구좌읍,14129705.380600002,118094.3046
518,2019,1,남원읍,15388096.998200001,64417.278699999995
519,2019,1,노형동,54598495.40180001,758572.1269
520,2019,1,대륜동,16341985.7514,54696.2528
521,2019,1,대정읍,16534982.754000003,98605.84650000003
522,2019,1,대천동,8540686.0001,87727.1599
523,2019,1,도두동,3515748.2486000005,6377.2703
524,2019,1,동홍동,18470868.714,329862.1097
525,2019,1,봉개동,5603059.5144,152071.1652
526,2019,1,삼도1동,11360497.3532,58495.00260000001
527,2019,1,삼도2동,7831865.174699999,46860.467399999994
528,2019,1,삼양동,19055735.232399996,76519.83
529,2019,1,서홍동,6270640.765500002,56574.308099999995
530,2019,1,성산읍,15822763.543300003,60543.386000000006
531,2019,1,송산동,2649058.1396000003,4688.0364
532,2019,1,아라동,35742595.3088,482155.4015
533,2019,1,안덕면,17431518.9801,523744.01590000006
534,2019,1,애월읍,39525912.215900004,177948.3115
535,2019,1,연동,50888855.4189,553641.9824999999
536,2019,1,영천동,5869297.021599999,87724.82209999999
537,2019,1,예래동,7990670.7466,17493.3574
538,2019,1,오라동,19377487.602700002,87398.35990000001
539,2019,1,외도동,10669957.052299999,63051.56240000001
540,2019,1,용담1동,7793381.194399999,81155.32620000001
541,2019,1,용담2동,17345683.0568,248771.8364
542,2019,1,우도면,1697445.4449999998,4135.3413
543,2019,1,이도1동,11257560.309499998,90884.9579
544,2019,1,이도2동,59245924.47040001,1065025.8146
545,2019,1,이호동,4545846.508,10082.2801
546,2019,1,일도1동,3110380.2614,12058.064699999995
547,2019,1,일도2동,29232981.6161,208725.7164
548,2019,1,정방동,5005134.5907,17943.933600000004
549,2019,1,조천읍,21926530.4997,100904.89180000001
550,2019,1,중문동,9757116.499300001,77626.46899999998
551,2019,1,중앙동,5389412.7032,104598.59369999998
552,2019,1,천지동,2108595.9699,891.0419999999999
553,2019,1,추자면,1931710.5050000001,1411.7474000000002
554,2019,1,표선면,10698730.6899,50189.498999999996
555,2019,1,한경면,6573066.799800001,31800.130299999997
556,2019,1,한림읍,19984763.6511,115808.26170000003
557,2019,1,화북동,24884146.852399997,340618.35149999993
558,2019,1,효돈동,3944491.2702,21470.874000000003
559,2019,2,건입동,8881957.119099999,29056.135500000004
560,2019,2,구좌읍,13132798.8886,49259.8334
561,2019,2,남원읍,13383733.316399999,52162.0726
562,2019,2,노형동,49097529.45119999,524825.6561
563,2019,2,대륜동,14435982.726799998,53464.7972
564,2019,2,대정읍,14868782.9162,56860.7154
565,2019,2,대천동,7506504.4098,36248.56039999999
566,2019,2,도두동,3291362.2678000005,7149.266100000001
567,2019,2,동홍동,16575811.2185,190111.96679999997
568,2019,2,봉개동,5036084.8342,10799.979200000002
569,2019,2,삼도1동,10455431.5022,60445.019700000004
570,2019,2,삼도2동,7122783.045700001,35073.7993
571,2019,2,삼양동,17130404.227,55792.57480000001
572,2019,2,서홍동,5561715.421599999,31746.392199999995
573,2019,2,성산읍,14462380.8251,35722.585
574,2019,2,송산동,2284197.2298,11131.0937
575,2019,2,아라동,31712204.271300003,153301.80090000003
576,2019,2,안덕면,15893562.910999998,270547.40020000003
577,2019,2,애월읍,34964449.031899996,144656.00569999998
578,2019,2,연동,45065184.6006,350571.9294
579,2019,2,영천동,4998768.417299999,38200.9861
580,2019,2,예래동,7375844.2971,17813.8016
581,2019,2,오라동,17874667.3353,90648.8922
582,2019,2,외도동,9909250.0674,79022.11869999999
583,2019,2,용담1동,7161750.163699999,37846.97709999999
584,2019,2,용담2동,16507572.2471,108297.01719999999
585,2019,2,우도면,1526249.4485,666.3336000000002
586,2019,2,이도1동,10264399.686300002,75728.66589999999
587,2019,2,이도2동,53129421.6075,900658.0803999999
588,2019,2,이호동,4107593.016899999,4410.7899
589,2019,2,일도1동,2914168.6934,9537.055800000002
590,2019,2,일도2동,26577191.4529,167010.51719999997
591,2019,2,정방동,4160594.2968,25254.476599999998
592,2019,2,조천읍,19757831.6964,74419.951
593,2019,2,중문동,8721941.9441,35102.9802
594,2019,2,중앙동,4702145.464699999,70698.2509
595,2019,2,천지동,1683489.8449,8785.271500000003
596,2019,2,추자면,1603929.6572,2967.4263
597,2019,2,표선면,9666496.835900001,35335.823000000004
598,2019,2,한경면,5984612.1464,23230.7276
599,2019,2,한림읍,18380576.2126,63875.43269999999
600,2019,2,화북동,22549242.4457,173196.21630000003
601,2019,2,효돈동,3486404.0265000006,8491.055999999999
602,2019,3,건입동,9521439.7953,38648.6956
603,2019,3,구좌읍,14415601.559800003,38114.3328
604,2019,3,남원읍,13813058.171800002,16677.966
605,2019,3,노형동,54599461.0754,708401.2259000001
606,2019,3,대륜동,15660862.2532,57518.457599999994
607,2019,3,대정읍,16370872.719400002,62485.208
608,2019,3,대천동,8056151.7385,50884.06759999999
609,2019,3,도두동,3448175.6729999995,9342.6191
610,2019,3,동홍동,17773642.447699998,164726.6263
611,2019,3,봉개동,6296366.0186,26565.7214
612,2019,3,삼도1동,10992114.0227,77801.78479999998
613,2019,3,삼도2동,7662408.042099999,38660.4007
614,2019,3,삼양동,17884290.6874,73597.674
615,2019,3,서홍동,5956183.1570999995,39616.71390000001
616,2019,3,성산읍,15187542.974599998,50961.474
617,2019,3,송산동,2366281.5923999995,3111.174400000001
618,2019,3,아라동,40772844.0871,233304.73750000005
619,2019,3,안덕면,17406399.3783,358751.12240000005
620,2019,3,애월읍,39538249.300699994,163393.6366
621,2019,3,연동,49245570.043500006,371302.9965
622,2019,3,영천동,5777119.918500001,23852.333599999998
623,2019,3,예래동,7097407.984300001,8677.1065
624,2019,3,오라동,19048045.2655,88461.79810000001
625,2019,3,외도동,10275617.561200002,76195.2536
626,2019,3,용담1동,7707228.1993,36148.922699999996
627,2019,3,용담2동,17094427.1902,108566.7936
628,2019,3,우도면,1692359.8261999998,77.6284
629,2019,3,이도1동,11872488.0236,79953.86360000001
630,2019,3,이도2동,55856315.347799994,955968.3700000001
631,2019,3,이호동,4446162.7311,3256.084
632,2019,3,일도1동,2950336.9233999997,9521.1126
633,2019,3,일도2동,27178803.7456,157446.9439
634,2019,3,정방동,4232492.736199999,28031.5665
635,2019,3,조천읍,21852013.0872,68173.90529999998
636,2019,3,중문동,9653700.8698,38601.130300000004
637,2019,3,중앙동,5073325.429599999,83268.3995
638,2019,3,천지동,1754668.1790999998,8072.752600000001
639,2019,3,추자면,1965985.4326999998,0.0
640,2019,3,표선면,10708478.104600001,29202.520300000004
641,2019,3,한경면,6558608.5604,6508.7234
642,2019,3,한림읍,20548278.8789,61826.8511
643,2019,3,화북동,24750003.489100005,187786.70130000002
644,2019,3,효돈동,3461626.5592000005,10947.273000000001
645,2019,4,건입동,9051181.190200001,121597.3604
646,2019,4,구좌읍,14450483.564800002,404421.1437
647,2019,4,남원읍,14143202.355999999,48545.279800000004
648,2019,4,노형동,52117962.107,1775734.9227
649,2019,4,대륜동,15319290.3846,276837.4562
650,2019,4,대정읍,15956416.7024,186890.07970000003
651,2019,4,대천동,8143227.7874,115758.71599999999
652,2019,4,도두동,3627211.4466000004,5517.2017
653,2019,4,동홍동,16899719.2259,485382.6122000001
654,2019,4,봉개동,6077504.645,668771.9599000001
655,2019,4,삼도1동,10357534.9144,77491.1813
656,2019,4,삼도2동,7291985.6432,58122.2301
657,2019,4,삼양동,17154187.4775,110466.0609
658,2019,4,서홍동,5646538.5136,86557.22020000004
659,2019,4,성산읍,15394781.613999998,54608.5258
660,2019,4,송산동,2192319.5671,9484.915099999998
661,2019,4,아라동,38155641.11670001,2524760.792800001
662,2019,4,안덕면,17347296.611100003,214532.26810000004
663,2019,4,애월읍,38805610.606,399803.43639999995
664,2019,4,연동,47344113.4044,712616.4941000001
665,2019,4,영천동,5679101.0177,301394.72530000005
666,2019,4,예래동,7078813.438,7486.737999999999
667,2019,4,오라동,18008675.674999997,44197.0657
668,2019,4,외도동,9946037.5966,44996.898
669,2019,4,용담1동,7170005.9847,117545.492
670,2019,4,용담2동,16998569.0736,622878.1694
671,2019,4,우도면,1634856.8114999998,10403.7609
672,2019,4,이도1동,12688696.1673,104715.10570000001
673,2019,4,이도2동,51731903.7089,1592241.6100000003
674,2019,4,이호동,4383409.7908,9895.3174
675,2019,4,일도1동,2845394.1007000003,8053.552500000001
676,2019,4,일도2동,25820099.299399998,203259.06590000005
677,2019,4,정방동,4068066.8804,14524.6856
678,2019,4,조천읍,22350075.3944,190794.4616
679,2019,4,중문동,9657033.819400001,121929.32640000002
680,2019,4,중앙동,4753562.5448,233868.61399999997
681,2019,4,천지동,1710817.6242999998,1251.0308
682,2019,4,추자면,1873191.6431,119.0659
683,2019,4,표선면,11364709.0143,125094.34679999998
684,2019,4,한경면,6607823.285699999,65614.72690000001
685,2019,4,한림읍,20162387.5045,466755.32920000004
686,2019,4,화북동,23437154.6073,859804.5700000001
687,2019,4,효돈동,3319556.4911,23078.407699999996
688,2019,5,건입동,9478618.6703,133427.29570000002
689,2019,5,구좌읍,15245391.8557,381733.4689
690,2019,5,남원읍,14539943.8612,42121.0497
691,2019,5,노형동,53164133.81330001,1877967.8291999996
692,2019,5,대륜동,16107640.991399998,300762.3109000001
693,2019,5,대정읍,17157162.915,184681.52419999999
694,2019,5,대천동,8641105.7785,132711.0444
695,2019,5,도두동,3904715.1068999995,6783.3163
696,2019,5,동홍동,17466747.2854,534452.1313000001
697,2019,5,봉개동,6286849.117500001,649677.3231
698,2019,5,삼도1동,10539752.8279,94651.25469999999
699,2019,5,삼도2동,7565895.176999999,63456.663400000005
700,2019,5,삼양동,17835888.0124,147400.9006
701,2019,5,서홍동,5861425.6963,90011.82320000001
702,2019,5,성산읍,16185116.161900003,54339.4813
703,2019,5,송산동,2338119.1426,10372.290500000003
704,2019,5,아라동,38650887.254,2455688.2393000005
705,2019,5,안덕면,18855178.9907,407104.65940000006
706,2019,5,애월읍,40358321.7827,371959.07219999994
707,2019,5,연동,48111874.61799999,780041.8232
708,2019,5,영천동,5768901.051100001,280186.3453
709,2019,5,예래동,7636164.6313,19198.774100000006
710,2019,5,오라동,18523074.666899998,52626.02619999999
711,2019,5,외도동,10280588.9054,51017.51120000001
712,2019,5,용담1동,7344967.9615,131129.1774
713,2019,5,용담2동,18636445.5641,634217.3817
714,2019,5,우도면,1778540.2258000001,7370.063499999998
715,2019,5,이도1동,13020383.918300001,106138.3921
716,2019,5,이도2동,52936387.34460001,1723161.4949999999
717,2019,5,이호동,4556619.2687,7619.481199999998
718,2019,5,일도1동,2954021.6835000003,4853.6112
719,2019,5,일도2동,26560803.543899998,215170.3253
720,2019,5,정방동,4451069.6478,22005.507100000003
721,2019,5,조천읍,23896403.862800002,190984.60939999996
722,2019,5,중문동,10274398.2884,110380.59409999999
723,2019,5,중앙동,4780312.045700001,182819.4352
724,2019,5,천지동,1839241.4678,1064.5462000000002
725,2019,5,추자면,1927246.2944,11051.244499999997
726,2019,5,표선면,11554078.2562,144350.97090000001
727,2019,5,한경면,6919737.270300001,59644.768
728,2019,5,한림읍,21215221.8298,503823.3239000001
729,2019,5,화북동,23925639.2209,854154.9850999999
730,2019,5,효돈동,3494345.6839000005,25703.410899999995
731,2019,6,건입동,9196074.054699998,116299.68679999997
732,2019,6,구좌읍,14840009.224399999,352382.122
733,2019,6,남원읍,13841336.9311,35097.17959999999
734,2019,6,노형동,50934285.8223,1573593.3285999997
735,2019,6,대륜동,14750084.765899999,291600.2233999999
736,2019,6,대정읍,15603350.8083,203127.27130000002
737,2019,6,대천동,8398892.011300001,118513.2146
738,2019,6,도두동,3635971.346,7406.1566
739,2019,6,동홍동,16780777.1333,531522.2801999999
740,2019,6,봉개동,5761442.8382,420275.109
741,2019,6,삼도1동,10431189.171699999,99084.2679
742,2019,6,삼도2동,7186178.896199999,45966.702300000004
743,2019,6,삼양동,17259204.972899996,126606.15079999997
744,2019,6,서홍동,5825767.304299999,106655.8281
745,2019,6,성산읍,15047328.2958,54225.9136
746,2019,6,송산동,2295040.4356000004,7178.1257000000005
747,2019,6,아라동,36698244.81,2116783.2970000003
748,2019,6,안덕면,16755042.206299998,170603.50039999996
749,2019,6,애월읍,38529746.9277,327278.4556000001
750,2019,6,연동,46160415.3422,745792.3844999999
751,2019,6,영천동,5286726.5012,287040.70530000003
752,2019,6,예래동,7094764.0125,16861.9013
753,2019,6,오라동,17214193.894899998,66954.08170000001
754,2019,6,외도동,10453747.347800002,32403.822999999997
755,2019,6,용담1동,7048508.7296,120289.90419999999
756,2019,6,용담2동,17924026.5096,546662.8953
757,2019,6,우도면,1675218.2506,4596.7075
758,2019,6,이도1동,12403593.0648,103594.51879999999
759,2019,6,이도2동,51172748.2877,1540463.0837
760,2019,6,이호동,4400429.7045,8846.3402
761,2019,6,일도1동,2828894.8575999998,10139.9267
762,2019,6,일도2동,25671373.3098,208488.13840000003
763,2019,6,정방동,3896918.1325000003,14603.694799999997
764,2019,6,조천읍,22849910.716799997,163077.83010000002
765,2019,6,중문동,9728480.578699999,129493.42240000001
766,2019,6,중앙동,4393052.825599999,176242.50089999996
767,2019,6,천지동,1705294.1717000003,3899.4101999999993
768,2019,6,추자면,1806955.3225,15878.264399999996
769,2019,6,표선면,11005251.6763,134318.4227
770,2019,6,한경면,6719228.5154,50914.62250000001
771,2019,6,한림읍,20217866.203199998,489785.31889999984
772,2019,6,화북동,23339627.0335,745921.2629
773,2019,6,효돈동,3461033.6583,26409.020299999996
774,2019,7,건입동,9858296.312800001,96020.22610000001
775,2019,7,구좌읍,16008214.8774,238684.81289999996
776,2019,7,남원읍,14895220.9364,46497.5275
777,2019,7,노형동,52973452.9852,1257819.2565000001
778,2019,7,대륜동,15985877.3127,244375.7063
779,2019,7,대정읍,15648251.424500002,160510.4226
780,2019,7,대천동,9095133.463399999,127043.12740000003
781,2019,7,도두동,3725945.7155,10138.223500000002
782,2019,7,동홍동,18075620.6061,427808.9003000001
783,2019,7,봉개동,6115208.9057,252204.02349999995
784,2019,7,삼도1동,11051867.4324,80820.505
785,2019,7,삼도2동,7491077.0374,42703.9711
786,2019,7,삼양동,18469689.5105,102001.31450000001
787,2019,7,서홍동,6164919.165,87959.06919999998
788,2019,7,성산읍,16265972.2108,56597.82980000001
789,2019,7,송산동,2393908.0572,5343.3035
790,2019,7,아라동,36487642.9779,1506322.5050000001
791,2019,7,안덕면,16669309.950400002,95351.48079999999
792,2019,7,애월읍,40972068.8508,304555.4084000001
793,2019,7,연동,48607499.7913,664104.8209999999
794,2019,7,영천동,5555915.9182,225692.67829999997
795,2019,7,예래동,7799317.6493999995,11727.3195
796,2019,7,오라동,18253669.5075,77549.6784
797,2019,7,외도동,11126381.321,63262.11810000001
798,2019,7,용담1동,7475041.808300001,101793.67809999999
799,2019,7,용담2동,18550658.134999998,478146.8210000001
800,2019,7,우도면,1860933.0357,5543.132
801,2019,7,이도1동,13250393.879800001,103097.24590000001
802,2019,7,이도2동,54292993.75469999,1408614.4808999998
803,2019,7,이호동,4857626.342,19323.7616
804,2019,7,일도1동,3056091.678,8990.836000000001
805,2019,7,일도2동,27347390.464199997,243768.59670000002
806,2019,7,정방동,4330699.556,8160.594400000001
807,2019,7,조천읍,24577625.4172,155226.36429999996
808,2019,7,중문동,10361795.4477,104967.89210000001
809,2019,7,중앙동,4736488.6448,148267.50480000005
810,2019,7,천지동,1896999.2910000002,2613.3785000000003
811,2019,7,추자면,1875344.0972000002,16083.218099999998
812,2019,7,표선면,11659249.855499998,109307.481
813,2019,7,한경면,6989529.3445,63080.2466
814,2019,7,한림읍,21841804.3043,363706.8849
815,2019,7,화북동,24614820.7693,569540.2353000001
816,2019,7,효돈동,3711709.6475,24451.351899999994
817,2019,8,건입동,10264450.6247,66752.07679999998
818,2019,8,구좌읍,16864465.6449,198567.22229999996
819,2019,8,남원읍,15255683.556699999,42768.5677
820,2019,8,노형동,53937701.6044,1048983.1497
821,2019,8,대륜동,16594282.546699997,236118.74699999997
822,2019,8,대정읍,16926969.6355,151950.25110000005
823,2019,8,대천동,9108042.2533,104556.09599999999
824,2019,8,도두동,3699238.245700001,4748.9166
825,2019,8,동홍동,18159638.8359,400770.9787
826,2019,8,봉개동,6814846.4332,172005.64539999998
827,2019,8,삼도1동,10952071.1927,72240.9376
828,2019,8,삼도2동,7637489.3751,36247.104600000006
829,2019,8,삼양동,18494843.2269,73184.83170000001
830,2019,8,서홍동,6314302.626599999,61658.855599999995
831,2019,8,성산읍,17488259.8484,55012.543300000005
832,2019,8,송산동,2499637.5295,234.0499
833,2019,8,아라동,36998914.2572,1096689.8485
834,2019,8,안덕면,19688100.002800003,98682.1507
835,2019,8,애월읍,42646845.805599995,306219.9375
836,2019,8,연동,48751473.9194,560037.6939000001
837,2019,8,영천동,5869807.466400001,199136.60960000003
838,2019,8,예래동,8278381.026500001,39124.2629
839,2019,8,오라동,18300858.4945,117623.64560000002
840,2019,8,외도동,11170480.4817,79552.12419999999
841,2019,8,용담1동,7453929.1165,65462.064199999986
842,2019,8,용담2동,18898587.586,396272.11840000004
843,2019,8,우도면,2185723.7621999998,5757.9951
844,2019,8,이도1동,13106048.41,139666.55299999999
845,2019,8,이도2동,53974461.895600006,1283954.2736
846,2019,8,이호동,4953284.5915,13011.667700000002
847,2019,8,일도1동,3090609.7276999997,12722.011900000001
848,2019,8,일도2동,27385797.578,189004.86440000002
849,2019,8,정방동,4561178.2443,11098.099500000002
850,2019,8,조천읍,25256879.4845,146494.4922
851,2019,8,중문동,10923456.7174,55272.3637
852,2019,8,중앙동,4710511.8458,148235.95099999997
853,2019,8,천지동,1872692.2682999999,3658.9710000000005
854,2019,8,추자면,2008165.7761,19674.0406
855,2019,8,표선면,12125152.8953,79395.41040000002
856,2019,8,한경면,7295620.4258,43757.9265
857,2019,8,한림읍,22979234.4124,218751.75359999994
858,2019,8,화북동,24688523.820699997,358680.99010000005
859,2019,8,효돈동,3795451.2587999995,9527.139200000003
860,2019,9,건입동,9207691.3745,66653.9985
861,2019,9,구좌읍,13999861.2511,294203.9649999999
862,2019,9,남원읍,13453039.659299998,46476.9777
863,2019,9,노형동,50835886.846599996,1241654.8164999997
864,2019,9,대륜동,14421817.6301,284120.67079999996
865,2019,9,대정읍,16169675.716199998,148791.03489999997
866,2019,9,대천동,8245760.2711000005,92673.30279999998
867,2019,9,도두동,3173247.4734,1286.4472
868,2019,9,동홍동,17105985.1989,376582.6790999999
869,2019,9,봉개동,5920661.6975,273714.9639999999
870,2019,9,삼도1동,10530383.660699999,40681.1379
871,2019,9,삼도2동,7199141.0287999995,29604.159200000002
872,2019,9,삼양동,17310771.5059,66953.0137
873,2019,9,서홍동,5958546.9102,44063.70390000001
874,2019,9,성산읍,14944635.7883,32106.542
875,2019,9,송산동,2130816.3547,181.35229999999999
876,2019,9,아라동,37026896.98089999,1444887.8059000003
877,2019,9,안덕면,16973953.6171,310386.9354000001
878,2019,9,애월읍,37120314.0247,300239.0460000002
879,2019,9,연동,45765548.5755,488951.223
880,2019,9,영천동,5216550.5767,208384.73820000002
881,2019,9,예래동,6544941.033,15925.664400000001
882,2019,9,오라동,17289501.0129,79603.8143
883,2019,9,외도동,10444578.702599999,53208.74219999999
884,2019,9,용담1동,7362136.6174,78096.82920000001
885,2019,9,용담2동,16705099.1284,419978.2542999999
886,2019,9,우도면,1601141.5897000001,9622.5981
887,2019,9,이도1동,12374650.4188,98331.54449999999
888,2019,9,이도2동,51025548.650000006,1248131.7963999999
889,2019,9,이호동,4277849.0389,6730.799999999998
890,2019,9,일도1동,2876860.5955,9455.8504
891,2019,9,일도2동,26244340.648700003,173362.83130000002
892,2019,9,정방동,4019686.4747,10580.889800000003
893,2019,9,조천읍,21425225.654600002,168586.3124
894,2019,9,중문동,9636441.6907,76760.8039
895,2019,9,중앙동,4386272.817500001,158640.7974
896,2019,9,천지동,1629068.0088000002,3390.8278
897,2019,9,추자면,1669721.9801,15830.7435
898,2019,9,표선면,10644260.8182,84661.538
899,2019,9,한경면,6674040.2515,32935.1961
900,2019,9,한림읍,19802178.5869,311744.7317
901,2019,9,화북동,23881018.128,476866.68570000003
902,2019,9,효돈동,3597095.8148999996,8256.0442
903,2019,10,건입동,9539337.5836,108923.46149999998
904,2019,10,구좌읍,14697113.734499998,304565.53529999993
905,2019,10,남원읍,14498338.5591,39106.15680000001
906,2019,10,노형동,53158127.8062,1553701.8476999998
907,2019,10,대륜동,15844969.911400001,283388.321
908,2019,10,대정읍,16833172.077600002,133759.88689999998
909,2019,10,대천동,8730686.6536,163861.9312
910,2019,10,도두동,3789851.7438999997,4456.957299999999
911,2019,10,동홍동,17742502.322300002,491653.46390000003
912,2019,10,봉개동,6580364.5447,433909.15079999994
913,2019,10,삼도1동,10683155.654800002,89856.43100000001
914,2019,10,삼도2동,7598655.8638,56319.773
915,2019,10,삼양동,17722931.604099996,133219.9738
916,2019,10,서홍동,6224695.636,97968.34210000001
917,2019,10,성산읍,16201346.859699998,59618.11160000001
918,2019,10,송산동,2192441.2593,6771.5943
919,2019,10,아라동,38320053.70910001,2055441.4213
920,2019,10,안덕면,18598318.084900003,284906.8898
921,2019,10,애월읍,39898130.2621,352657.97939999995
922,2019,10,연동,48033656.0423,632998.0548
923,2019,10,영천동,5646722.393800001,237508.22830000002
924,2019,10,예래동,7308814.333400001,12830.306700000001
925,2019,10,오라동,18530726.2995,84842.2787
926,2019,10,외도동,10830389.489799999,50664.1541
927,2019,10,용담1동,7629716.532200001,137757.89669999998
928,2019,10,용담2동,18264605.539,510842.76469999994
929,2019,10,우도면,1767377.4716,19138.126500000006
930,2019,10,이도1동,12690044.9186,108051.97570000002
931,2019,10,이도2동,52479637.698699996,1559495.9901
932,2019,10,이호동,4549488.2014,5009.7212
933,2019,10,일도1동,3076391.3529,10045.929699999999
934,2019,10,일도2동,26486005.2207,190165.17349999998
935,2019,10,정방동,4550630.2049,4666.830600000001
936,2019,10,조천읍,23612910.2593,214480.28230000002
937,2019,10,중문동,10542438.6167,113011.5236
938,2019,10,중앙동,4589828.911699999,143831.41609999997
939,2019,10,천지동,1818211.025,4918.372
940,2019,10,추자면,1827958.5834000004,18698.074800000002
941,2019,10,표선면,11543269.623,92407.623
942,2019,10,한경면,7013029.2424,71295.40740000001
943,2019,10,한림읍,21012760.6655,417682.838
944,2019,10,화북동,24071355.6179,657974.4811
945,2019,10,효돈동,3692752.0932,30747.2295
946,2019,11,건입동,9360032.816,104142.74339999998
947,2019,11,구좌읍,13681052.0092,275729.60530000005
948,2019,11,남원읍,14378212.9494,81890.95709999997
949,2019,11,노형동,52987048.2791,1504479.5588000002
950,2019,11,대륜동,14958247.8623,273330.67250000004
951,2019,11,대정읍,16724447.238999998,158652.83509999997
952,2019,11,대천동,8544774.9489,150633.17090000003
953,2019,11,도두동,3581421.8597,6335.4339
954,2019,11,동홍동,17491467.8035,536212.7956999999
955,2019,11,봉개동,6177551.5241,348215.4728000001
956,2019,11,삼도1동,10838525.695500001,98341.85320000001
957,2019,11,삼도2동,7768402.6976,69802.4156
958,2019,11,삼양동,15980369.0982,131364.87699999998
959,2019,11,서홍동,6141318.1768,93024.49780000001
960,2019,11,성산읍,14777187.204900002,57420.132
961,2019,11,송산동,2124566.0050999997,11164.808299999997
962,2019,11,아라동,38283860.145799994,2167259.6692000004
963,2019,11,안덕면,18259587.514399998,396570.459
964,2019,11,애월읍,38566352.7952,350083.2832
965,2019,11,연동,47673732.0542,743577.8529999999
966,2019,11,영천동,5438642.155100001,237430.1434
967,2019,11,예래동,6712625.18,9080.6221
968,2019,11,오라동,18715133.6327,95611.89619999999
969,2019,11,외도동,10406348.795999998,46686.153300000005
970,2019,11,용담1동,7375636.7004,143765.27409999998
971,2019,11,용담2동,17311587.415799998,530508.7170000002
972,2019,11,우도면,1533781.6064,12208.4495
973,2019,11,이도1동,11080645.657900002,122653.85119999999
974,2019,11,이도2동,51596311.78879999,1697364.9962
975,2019,11,이호동,4419398.0022,4192.601500000001
976,2019,11,일도1동,3268144.3209,8677.4715
977,2019,11,일도2동,26187736.200200003,291011.2124999999
978,2019,11,정방동,4118727.1744000004,14594.596299999997
979,2019,11,조천읍,22924891.644700002,253645.64800000004
980,2019,11,중문동,10296375.133400002,119747.623
981,2019,11,중앙동,4545802.7231,158201.1003
982,2019,11,천지동,1665305.2323000003,233.2247
983,2019,11,추자면,1850349.7696,9631.1737
984,2019,11,표선면,11174290.0381,82622.68290000001
985,2019,11,한경면,6433246.174400001,76460.66910000001
986,2019,11,한림읍,19563184.667999998,471276.50220000005
987,2019,11,화북동,23225677.4669,615262.3464
988,2019,11,효돈동,3702123.8246,36061.6062
989,2019,12,건입동,9708288.138999999,69050.4895
990,2019,12,구좌읍,14114295.750599999,268417.2621
991,2019,12,남원읍,15488042.6568,67112.53920000001
992,2019,12,노형동,54783660.593899995,1380702.0829000003
993,2019,12,대륜동,15610079.6246,189966.1137
994,2019,12,대정읍,16544058.2082,167797.26299999998
995,2019,12,대천동,8986184.4302,172937.99990000002
996,2019,12,도두동,3540725.6235000007,6462.493199999999
997,2019,12,동홍동,18410897.8626,512631.25830000004
998,2019,12,봉개동,6295336.1438,297133.0238999999
999,2019,12,삼도1동,11464324.254500002,111033.13689999998
1000,2019,12,삼도2동,7889599.5449,82755.14290000004
1001,2019,12,삼양동,16652394.363199998,310028.30079999997
1002,2019,12,서홍동,6559126.8313,125219.27680000002
1003,2019,12,성산읍,15543616.0361,76853.51759999999
1004,2019,12,송산동,2192755.1837999998,437.3153
1005,2019,12,아라동,38283656.0659,1740245.7572
1006,2019,12,안덕면,17982841.3798,240320.2939
1007,2019,12,애월읍,39572416.0438,324829.70499999996
1008,2019,12,연동,49612400.145799994,822849.9058
1009,2019,12,영천동,5642323.902000001,197435.00149999998
1010,2019,12,예래동,7165729.5941,8233.162299999998
1011,2019,12,오라동,19717456.2541,137207.1252
1012,2019,12,외도동,10921555.5205,67680.3695
1013,2019,12,용담1동,7658768.7885,159786.4688
1014,2019,12,용담2동,17879014.8554,463477.808
1015,2019,12,우도면,1525811.0751999998,13347.454499999994
1016,2019,12,이도1동,11644961.111899998,130099.14600000001
1017,2019,12,이도2동,52752938.19890001,1553053.2117
1018,2019,12,이호동,4519176.417300001,6001.6078
1019,2019,12,일도1동,3454027.8441999997,8984.8547
1020,2019,12,일도2동,27464875.212899998,364805.8979
1021,2019,12,정방동,4288338.6789,11229.0175
1022,2019,12,조천읍,23352628.124700002,258914.6995
1023,2019,12,중문동,10856092.6442,117296.98310000003
1024,2019,12,중앙동,4799278.1469,138067.2072
1025,2019,12,천지동,1741559.2985,1840.7085000000002
1026,2019,12,추자면,2066576.9481000002,14106.998800000001
1027,2019,12,표선면,11395790.9979,106514.49719999998
1028,2019,12,한경면,6602770.1969,59854.265400000004
1029,2019,12,한림읍,19868338.8111,331971.6523000001
1030,2019,12,화북동,24153346.6745,857884.7427
1031,2019,12,효돈동,4161953.218,29878.254500000003
1032,2020,1,건입동,10087470.0835,37158.0942
1033,2020,1,구좌읍,14693180.643700002,87003.1688
1034,2020,1,남원읍,16048257.4591,85267.35510000003
1035,2020,1,노형동,53974670.712299995,698586.3919
1036,2020,1,대륜동,16435327.991700001,71659.33120000002
1037,2020,1,대정읍,17185246.0198,92030.30529999999
1038,2020,1,대천동,9399393.4377,151575.3068
1039,2020,1,도두동,3699513.7356000002,7377.7717999999995
1040,2020,1,동홍동,19004823.224299997,408943.84420000005
1041,2020,1,봉개동,6193185.911599999,140546.32590000003
1042,2020,1,삼도1동,11853796.850200001,96439.435
1043,2020,1,삼도2동,7696821.367800001,71352.95539999999
1044,2020,1,삼양동,16857589.4121,243082.53739999997
1045,2020,1,서홍동,6969323.514599999,77893.31700000001
1046,2020,1,성산읍,16405451.434,41794.5251
1047,2020,1,송산동,2484243.4332999997,2516.3356
1048,2020,1,아라동,36465542.2778,541589.1754000001
1049,2020,1,안덕면,17881804.9573,382354.2891
1050,2020,1,애월읍,40149864.33450001,246523.6688
1051,2020,1,연동,49059167.351900004,588521.6447000001
1052,2020,1,영천동,5594047.615900001,72645.0813
1053,2020,1,예래동,7630430.046599999,19441.065400000003
1054,2020,1,오라동,19809329.226900004,141020.3907
1055,2020,1,외도동,11376017.9656,72358.3513
1056,2020,1,용담1동,7920898.6253,78403.80249999998
1057,2020,1,용담2동,18900016.0492,217045.8616
1058,2020,1,우도면,1508901.1567000002,10595.3417
1059,2020,1,이도1동,11823707.424200002,118007.85450000002
1060,2020,1,이도2동,54037775.789100006,1084328.6612
1061,2020,1,이호동,4669558.111199999,5997.3832
1062,2020,1,일도1동,3395904.3355,12243.6921
1063,2020,1,일도2동,27321095.266700003,322591.92900000006
1064,2020,1,정방동,4877453.123400001,18114.26
1065,2020,1,조천읍,23668527.5071,146966.9777
1066,2020,1,중문동,11076587.8539,57392.541900000004
1067,2020,1,중앙동,4852191.4966,96664.0164
1068,2020,1,천지동,1917540.4491,98.3346
1069,2020,1,추자면,1796663.7686,7473.6162
1070,2020,1,표선면,11547584.558900002,63247.563699999984
1071,2020,1,한경면,6903394.877800001,19543.1707
1072,2020,1,한림읍,20551628.7336,145987.10079999996
1073,2020,1,화북동,24418046.816100005,511367.4641
1074,2020,1,효돈동,4435666.4856,34501.22449999999
1075,2020,2,건입동,8313788.6786,61194.3808
1076,2020,2,구좌읍,12474048.228100002,64170.4525
1077,2020,2,남원읍,13318721.9021,47208.9351
1078,2020,2,노형동,50350841.7921,491112.6109000001
1079,2020,2,대륜동,14290198.0119,57784.7391
1080,2020,2,대정읍,16078300.633699998,91832.54820000002
1081,2020,2,대천동,8446587.24,72652.7895
1082,2020,2,도두동,2769200.2813,31543.850400000003
1083,2020,2,동홍동,17336287.1228,199233.82810000004
1084,2020,2,봉개동,5300344.6866,26149.2232
1085,2020,2,삼도1동,10616232.0955,81561.2947
1086,2020,2,삼도2동,6763577.5962000005,63245.2586
1087,2020,2,삼양동,17155655.4831,147691.27690000006
1088,2020,2,서홍동,6332016.3525,38821.1823
1089,2020,2,성산읍,13091195.660999998,59834.932000000015
1090,2020,2,송산동,2047999.1792000001,4651.0953
1091,2020,2,아라동,34675692.197000004,233484.17440000008
1092,2020,2,안덕면,15777831.8915,415783.0666000001
1093,2020,2,애월읍,35845818.7202,210649.21160000004
1094,2020,2,연동,44605401.894099995,373572.75710000005
1095,2020,2,영천동,4835766.4748,22528.7894
1096,2020,2,예래동,5326023.7654,5604.0412
1097,2020,2,오라동,18241074.8202,126711.87530000001
1098,2020,2,외도동,11141082.096900001,100905.75880000001
1099,2020,2,용담1동,7418032.1206,34407.1097
1100,2020,2,용담2동,13766027.7698,75405.93799999997
1101,2020,2,우도면,1241655.7303,5104.180400000001
1102,2020,2,이도1동,11198885.3432,153594.91809999998
1103,2020,2,이도2동,50964283.8543,815426.8885
1104,2020,2,이호동,4186479.1695,9391.187100000003
1105,2020,2,일도1동,1758290.0221,24377.184400000006
1106,2020,2,일도2동,25552907.282,286533.7366
1107,2020,2,정방동,3578391.7445,22614.4096
1108,2020,2,조천읍,20472244.3525,85199.73389999999
1109,2020,2,중문동,9503162.3088,39996.15620000001
1110,2020,2,중앙동,4128487.8403000003,70075.7663
1111,2020,2,천지동,1569284.8355999999,6315.8467
1112,2020,2,추자면,1591517.3224,8857.9039
1113,2020,2,표선면,9574553.3271,43039.0099
1114,2020,2,한경면,6401732.7158,11487.6411
1115,2020,2,한림읍,18191146.231900003,66113.18129999998
1116,2020,2,화북동,23366611.6648,422044.1677
1117,2020,2,효돈동,3660000.8389999997,14812.0312
1118,2020,3,건입동,9173616.654599998,49153.9369
1119,2020,3,구좌읍,13713110.012200002,68111.3652
1120,2020,3,남원읍,14346153.864699999,45096.796299999995
1121,2020,3,노형동,53207964.34030001,614147.7302999999
1122,2020,3,대륜동,15066709.4712,62569.71119999999
1123,2020,3,대정읍,17436022.018000003,45439.59410000002
1124,2020,3,대천동,9016910.1259,97996.90519999998
1125,2020,3,도두동,2537020.438,17547.5107
1126,2020,3,동홍동,18593630.9472,214476.7019
1127,2020,3,봉개동,5590028.0287999995,16841.020800000002
1128,2020,3,삼도1동,11657513.5106,103113.95270000001
1129,2020,3,삼도2동,6765091.640700001,43308.3447
1130,2020,3,삼양동,20114200.496299997,81281.06169999999
1131,2020,3,서홍동,6715974.266099999,35445.65139999999
1132,2020,3,성산읍,14124053.6628,61399.4948
1133,2020,3,송산동,2261998.5121,1454.9375999999997
1134,2020,3,아라동,37777157.646,276520.7223
1135,2020,3,안덕면,15777726.240699999,142043.7158
1136,2020,3,애월읍,38303290.869399995,192561.76019999996
1137,2020,3,연동,46258385.2663,414877.5326
1138,2020,3,영천동,5426698.4673,6822.2978
1139,2020,3,예래동,5479888.480899999,14241.5487
1140,2020,3,오라동,18281829.5375,165816.4426
1141,2020,3,외도동,12194507.270800002,107677.8191
1142,2020,3,용담1동,7522143.923699999,47557.41849999999
1143,2020,3,용담2동,13916331.844099998,86033.99170000001
1144,2020,3,우도면,1408005.2042999999,11154.637899999998
1145,2020,3,이도1동,12234660.392500002,163448.4474
1146,2020,3,이도2동,54864838.4275,807602.3793999997
1147,2020,3,이호동,4405646.590400001,23648.178999999996
1148,2020,3,일도1동,2771113.5486,9067.399099999997
1149,2020,3,일도2동,27938957.759899996,268575.01699999993
1150,2020,3,정방동,3555047.8326999997,8483.118
1151,2020,3,조천읍,21642951.9051,46474.3141
1152,2020,3,중문동,10107877.327499999,25680.917800000003
1153,2020,3,중앙동,4458339.8025,72229.3449
1154,2020,3,천지동,1576167.8381999999,9953.006099999999
1155,2020,3,추자면,1765864.1525,4994.5996
1156,2020,3,표선면,10332996.1003,58496.1332
1157,2020,3,한경면,7111533.8576,19066.996400000004
1158,2020,3,한림읍,19955523.843900003,36620.331900000005
1159,2020,3,화북동,25604995.3415,187081.94649999996
1160,2020,3,효돈동,3895727.2176,8000.5856
1161,2020,4,건입동,8724070.713399999,45079.294299999994
1162,2020,4,구좌읍,13380499.817899998,31157.824100000005
1163,2020,4,남원읍,13944619.982700001,29692.963699999997
1164,2020,4,노형동,51194902.145500004,491644.5354999999
1165,2020,4,대륜동,14159621.3945,75353.04899999997
1166,2020,4,대정읍,17019372.1738,84951.4853
1167,2020,4,대천동,8699048.9854,52507.816600000006
1168,2020,4,도두동,2625136.5327999997,14727.413400000001
1169,2020,4,동홍동,17829969.705700003,161319.2611
1170,2020,4,봉개동,5554042.854599999,9871.409799999998
1171,2020,4,삼도1동,10973625.272999998,69329.11480000001
1172,2020,4,삼도2동,6399585.6943,46662.2276
1173,2020,4,삼양동,19322586.082900003,64780.70849999999
1174,2020,4,서홍동,6432903.853499999,36223.3638
1175,2020,4,성산읍,13249237.1219,49400.452600000004
1176,2020,4,송산동,2032378.1954,6174.560300000001
1177,2020,4,아라동,36560438.9963,189415.5797
1178,2020,4,안덕면,15250142.122499999,67061.5961
1179,2020,4,애월읍,36971198.9999,172085.29350000003
1180,2020,4,연동,44193054.4189,317316.60490000003
1181,2020,4,영천동,5112604.1591,24321.3687
1182,2020,4,예래동,5203277.9299,8676.456699999999
1183,2020,4,오라동,17808610.332100004,142518.96839999998
1184,2020,4,외도동,11664971.6081,82202.88660000003
1185,2020,4,용담1동,7142725.3221,37611.5363
1186,2020,4,용담2동,13357407.439599998,52203.604600000006
1187,2020,4,우도면,1318169.6967000002,3710.0982000000004
1188,2020,4,이도1동,11804489.9072,129281.6372
1189,2020,4,이도2동,52310754.169199996,776081.1262000002
1190,2020,4,이호동,4289464.6172,15875.974800000007
1191,2020,4,일도1동,2666209.3996,22598.382699999995
1192,2020,4,일도2동,26681360.642500006,190145.83550000002
1193,2020,4,정방동,3172534.7035,11234.4475
1194,2020,4,조천읍,20931135.9508,88351.18549999999
1195,2020,4,중문동,9629037.9893,6266.1669
1196,2020,4,중앙동,4363905.336499999,59869.9351
1197,2020,4,천지동,1476332.4137,12303.774700000002
1198,2020,4,추자면,1799567.2067999998,0.0
1199,2020,4,표선면,10205634.957000002,25447.1578
1200,2020,4,한경면,6945060.539399999,17364.7544
1201,2020,4,한림읍,19195083.071900003,47205.7537
1202,2020,4,화북동,24385857.832600005,115636.6794
1203,2020,4,효돈동,3639161.1041,5133.918299999999
1204,2020,5,건입동,9405789.3222,66227.6218
1205,2020,5,구좌읍,14552344.378800001,27345.3908
1206,2020,5,남원읍,14889692.0048,30873.221999999998
1207,2020,5,노형동,52815749.165300004,495869.6886
1208,2020,5,대륜동,15013956.8299,66134.815
1209,2020,5,대정읍,17965370.3755,85781.28330000001
1210,2020,5,대천동,8993339.556200001,57954.3594
1211,2020,5,도두동,3042675.3182,9591.1728
1212,2020,5,동홍동,18513025.765600003,159720.711
1213,2020,5,봉개동,6092955.9166,10829.006699999998
1214,2020,5,삼도1동,11281089.8552,86391.82010000001
1215,2020,5,삼도2동,6909027.8401,38814.46290000001
1216,2020,5,삼양동,19864409.8714,51759.200700000016
1217,2020,5,서홍동,6869710.0506,36851.774999999994
1218,2020,5,성산읍,14685326.4089,37561.017499999994
1219,2020,5,송산동,2224544.2701,3496.2834999999995
1220,2020,5,아라동,37878943.152399994,155244.46630000003
1221,2020,5,안덕면,17265817.342299998,61473.59610000001
1222,2020,5,애월읍,39338672.1505,158577.61480000004
1223,2020,5,연동,45772076.791600004,288303.7015000001
1224,2020,5,영천동,5428710.8079,31084.519999999997
1225,2020,5,예래동,6130425.9347,10506.235700000001
1226,2020,5,오라동,18250187.7485,156197.1617
1227,2020,5,외도동,11926947.450199999,75281.51900000001
1228,2020,5,용담1동,7419999.4998,37189.012
1229,2020,5,용담2동,15349065.689799998,38340.731700000004
1230,2020,5,우도면,1578636.6383000002,0.0
1231,2020,5,이도1동,12350037.2225,124109.04730000002
1232,2020,5,이도2동,53871286.0468,755207.0111
1233,2020,5,이호동,4618195.0269,11180.428799999998
1234,2020,5,일도1동,2912214.6870999997,4279.987399999999
1235,2020,5,일도2동,27300350.719400004,172904.88909999997
1236,2020,5,정방동,3552276.2439,8185.3143
1237,2020,5,조천읍,22808672.8257,69405.20730000001
1238,2020,5,중문동,10392765.752,24740.5582
1239,2020,5,중앙동,4369913.3119,56463.7371
1240,2020,5,천지동,1690847.7421,4812.585500000001
1241,2020,5,추자면,1791019.7244,6761.309700000001
1242,2020,5,표선면,11008502.491999999,46832.142900000006
1243,2020,5,한경면,7578522.7148,9362.342700000001
1244,2020,5,한림읍,20461479.7843,45974.638000000006
1245,2020,5,화북동,24969776.501199998,172334.75530000002
1246,2020,5,효돈동,3847420.9515,2966.9684999999995
1247,2020,6,건입동,9366298.717500001,46708.31050000001
1248,2020,6,구좌읍,14439732.665600002,94394.58610000004
1249,2020,6,남원읍,13948421.199199997,7978.227000000001
1250,2020,6,노형동,51504813.7835,728154.6478
1251,2020,6,대륜동,14846902.501,110483.80900000001
1252,2020,6,대정읍,16957565.149699997,114458.48779999997
1253,2020,6,대천동,8816981.6896,40014.8881
1254,2020,6,도두동,3221992.7232999997,1957.0771999999997
1255,2020,6,동홍동,18149102.1192,226397.67220000003
1256,2020,6,봉개동,6226930.0934,58551.684499999996
1257,2020,6,삼도1동,10684336.5596,74238.5226
1258,2020,6,삼도2동,6879764.671799999,29050.438799999993
1259,2020,6,삼양동,18667056.2738,67392.8744
1260,2020,6,서홍동,6471442.9533,35119.4318
1261,2020,6,성산읍,14234594.3781,36005.88599999999
1262,2020,6,송산동,2118524.6316,6566.8017999999975
1263,2020,6,아라동,38506930.825399995,413886.9973
1264,2020,6,안덕면,16788223.108499996,177969.0569
1265,2020,6,애월읍,38419079.9126,182430.05710000006
1266,2020,6,연동,44633524.8342,337956.85360000003
1267,2020,6,영천동,5483923.277899999,81989.2289
1268,2020,6,예래동,6289123.054199999,8103.768800000001
1269,2020,6,오라동,17284000.3469,138690.85319999995
1270,2020,6,외도동,11053085.2689,55996.6826
1271,2020,6,용담1동,7234868.5978999995,45093.79620000001
1272,2020,6,용담2동,15972121.1728,77728.4068
1273,2020,6,우도면,1521781.4286999996,0.0
1274,2020,6,이도1동,12017339.0084,121053.31999999998
1275,2020,6,이도2동,52299387.3002,847992.7668
1276,2020,6,이호동,4489721.8992,18007.3716
1277,2020,6,일도1동,2740132.0121,4991.8652
1278,2020,6,일도2동,25650476.412399996,194078.0221
1279,2020,6,정방동,3437398.0965,5422.6774000000005
1280,2020,6,조천읍,22129072.6079,77768.38270000002
1281,2020,6,중문동,10401994.531200003,51331.1995
1282,2020,6,중앙동,4457644.3103,71029.86540000001
1283,2020,6,천지동,1627642.3674,917.4966
1284,2020,6,추자면,1783613.9170000001,12098.271400000001
1285,2020,6,표선면,10910686.9588,36513.87860000001
1286,2020,6,한경면,7176399.7552000005,25941.699000000004
1287,2020,6,한림읍,20774307.3214,132798.52369999996
1288,2020,6,화북동,24299833.608,225935.8124
1289,2020,6,효돈동,3741851.0220999997,8483.8431
1290,2020,7,건입동,9841145.9102,139044.89040000003
1291,2020,7,구좌읍,15552329.563300002,482008.8304999999
1292,2020,7,남원읍,15081023.972499998,55416.97439999999
1293,2020,7,노형동,53122193.68260001,1386502.6283999998
1294,2020,7,대륜동,15602368.463399999,441678.1686999999
1295,2020,7,대정읍,17335463.1578,231594.61110000004
1296,2020,7,대천동,9532881.5852,124415.08899999998
1297,2020,7,도두동,3537593.1173000005,7380.8733
1298,2020,7,동홍동,18813503.872500002,631399.1257
1299,2020,7,봉개동,6548558.604,291189.7794
1300,2020,7,삼도1동,11344198.7037,96087.87839999999
1301,2020,7,삼도2동,7257084.613700001,71850.9703
1302,2020,7,삼양동,19316513.3531,116246.41149999999
1303,2020,7,서홍동,6637727.4647,115219.64540000001
1304,2020,7,성산읍,15684511.1477,75050.10429999998
1305,2020,7,송산동,2336831.7491,4716.2665
1306,2020,7,아라동,38397366.5328,1889979.0594000001
1307,2020,7,안덕면,17557381.8468,146391.7963
1308,2020,7,애월읍,40495688.07959999,434442.0893
1309,2020,7,연동,46629447.420899995,512419.01079999993
1310,2020,7,영천동,5402367.0248,388091.5002
1311,2020,7,예래동,7028174.634299999,6071.4301
1312,2020,7,오라동,17359468.5484,156837.5244
1313,2020,7,외도동,11802934.9266,71641.366
1314,2020,7,용담1동,7343149.4155,151822.9404
1315,2020,7,용담2동,17207185.561499998,344576.9873
1316,2020,7,우도면,1750239.4534,10263.313499999997
1317,2020,7,이도1동,12470463.555499999,136247.25790000003
1318,2020,7,이도2동,54402345.6407,1281058.7879000003
1319,2020,7,이호동,4901663.2477,10684.881400000002
1320,2020,7,일도1동,2896762.7109,3104.0216
1321,2020,7,일도2동,26601565.588299997,212187.7521
1322,2020,7,정방동,3835276.0976,13619.002000000002
1323,2020,7,조천읍,23710504.0321,280594.5423
1324,2020,7,중문동,10970792.6991,162762.28720000005
1325,2020,7,중앙동,4752970.8562,198390.1104
1326,2020,7,천지동,1842716.4687999997,1367.2543
1327,2020,7,추자면,1709327.5181,4105.715099999999
1328,2020,7,표선면,11503427.1899,186629.03610000003
1329,2020,7,한경면,7581308.560200001,100666.71600000001
1330,2020,7,한림읍,21489393.838900004,545001.7956
1331,2020,7,화북동,25211233.6078,629802.8200999999
1332,2020,7,효돈동,3948105.7884,32428.552100000008
1333,2020,8,건입동,10257596.1551,90208.3028
1334,2020,8,구좌읍,17143413.5952,229087.0271
1335,2020,8,남원읍,16241579.637399998,40106.91179999999
1336,2020,8,노형동,52974244.7032,1284591.8136999998
1337,2020,8,대륜동,16821296.590899996,266587.5183
1338,2020,8,대정읍,18239997.6557,169630.71600000001
1339,2020,8,대천동,10034716.399500001,129674.89089999997
1340,2020,8,도두동,3850872.8602999994,4497.552100000001
1341,2020,8,동홍동,19167161.490399998,469275.28170000005
1342,2020,8,봉개동,6787182.379800001,318714.0557999999
1343,2020,8,삼도1동,11257881.133899998,78866.73550000001
1344,2020,8,삼도2동,7423912.6471,62787.54979999999
1345,2020,8,삼양동,20160470.2483,106134.3294
1346,2020,8,서홍동,6867700.105699999,88809.698
1347,2020,8,성산읍,17631089.3044,59763.96119999999
1348,2020,8,송산동,2536584.9967,577.7216
1349,2020,8,아라동,37723632.487,1101217.0293999999
1350,2020,8,안덕면,20478967.4987,141817.5626
1351,2020,8,애월읍,43593884.629,372480.4811999999
1352,2020,8,연동,47265747.75909999,466369.827
1353,2020,8,영천동,5576507.7046,175804.32920000004
1354,2020,8,예래동,8063199.131,13198.5222
1355,2020,8,오라동,17911614.472599998,136448.65370000002
1356,2020,8,외도동,12220763.140999999,78493.4407
1357,2020,8,용담1동,7352433.3043,104128.2479
1358,2020,8,용담2동,18353940.903300002,306552.07790000003
1359,2020,8,우도면,2054075.1861,2712.8487
1360,2020,8,이도1동,12400927.6972,137041.5652
1361,2020,8,이도2동,53916350.072199985,1148507.3301
1362,2020,8,이호동,5169545.1938,8082.702300000003
1363,2020,8,일도1동,2884696.8806,6801.3498
1364,2020,8,일도2동,26669143.978800002,220778.99450000003
1365,2020,8,정방동,4249464.9327,18212.925700000007
1366,2020,8,조천읍,25834113.7759,182460.9067
1367,2020,8,중문동,11771849.8456,92940.3271
1368,2020,8,중앙동,4672041.7484,123838.1699
1369,2020,8,천지동,2104248.1026999997,999.8469
1370,2020,8,추자면,1949255.4927,3934.2338
1371,2020,8,표선면,12410515.5672,129899.3389
1372,2020,8,한경면,8076720.768199999,57161.59399999999
1373,2020,8,한림읍,23243498.250199996,331502.1779
1374,2020,8,화북동,24723904.302,472254.7327999999
1375,2020,8,효돈동,4108552.0066000004,21843.106200000002
1376,2020,9,건입동,9411640.0007,53318.8054
1377,2020,9,구좌읍,14669349.292599998,128310.81450000001
1378,2020,9,남원읍,14575615.9217,52125.33400000001
1379,2020,9,노형동,50876573.3734,860940.4066000001
1380,2020,9,대륜동,14943574.804899998,190172.02799999996
1381,2020,9,대정읍,17789227.6013,132753.969
1382,2020,9,대천동,9118924.6557,66897.8877
1383,2020,9,도두동,2861048.5686,6700.088599999999
1384,2020,9,동홍동,18353325.3538,298098.7365
1385,2020,9,봉개동,5999244.7722,186084.50939999998
1386,2020,9,삼도1동,10831363.861399999,93978.4141
1387,2020,9,삼도2동,6638371.0296,37562.3052
1388,2020,9,삼양동,19246686.1481,76677.71239999999
1389,2020,9,서홍동,6793212.1673,71173.4081
1390,2020,9,성산읍,14846239.9357,52347.6181
1391,2020,9,송산동,2318747.7846,3576.2018
1392,2020,9,아라동,38105751.9123,704595.6826
1393,2020,9,안덕면,17878278.143600002,419857.2166
1394,2020,9,애월읍,38971417.9692,273140.57959999994
1395,2020,9,연동,44415320.657199994,338695.20660000003
1396,2020,9,영천동,5438841.826300001,103718.24919999999
1397,2020,9,예래동,5819515.5508,1310.5861
1398,2020,9,오라동,17149792.922199998,119506.082
1399,2020,9,외도동,11803854.029600002,58868.6155
1400,2020,9,용담1동,7020591.2157000005,87306.4799
1401,2020,9,용담2동,15247140.741099998,165224.19649999996
1402,2020,9,우도면,1635373.3886000002,6374.481900000001
1403,2020,9,이도1동,11700895.3103,140460.22759999998
1404,2020,9,이도2동,52120035.9677,885463.4730999998
1405,2020,9,이호동,4474714.7165,8900.8913
1406,2020,9,일도1동,2677915.6856,6240.1440999999995
1407,2020,9,일도2동,25585865.6977,174318.4102
1408,2020,9,정방동,3409138.3844000003,9935.435599999999
1409,2020,9,조천읍,21903264.777000003,154198.79289999997
1410,2020,9,중문동,10649771.817300001,42299.143899999995
1411,2020,9,중앙동,4288127.6548999995,78703.6531
1412,2020,9,천지동,1764139.4061999999,3019.2435000000005
1413,2020,9,추자면,1726508.0598,12154.8704
1414,2020,9,표선면,10612488.8732,100006.63930000001
1415,2020,9,한경면,7717395.069599999,33322.582
1416,2020,9,한림읍,20538202.7486,244196.36709999997
1417,2020,9,화북동,24149069.0738,292486.9998
1418,2020,9,효돈동,3877171.4697000002,9710.513699999996
1419,2020,10,건입동,10101306.6382,59598.78099999999
1420,2020,10,구좌읍,15972637.396699999,187699.58440000002
1421,2020,10,남원읍,16134802.606399998,55633.369399999996
1422,2020,10,노형동,53477152.2041,1032890.6113999999
1423,2020,10,대륜동,15862834.080200002,248910.49880000003
1424,2020,10,대정읍,19176943.0377,123475.7325
1425,2020,10,대천동,9903454.924899999,65120.2697
1426,2020,10,도두동,3343832.6704999995,7144.992399999999
1427,2020,10,동홍동,19105565.531400003,369941.8351
1428,2020,10,봉개동,6494222.963100001,249701.9425
1429,2020,10,삼도1동,11254854.143800002,61279.4315
1430,2020,10,삼도2동,7234031.662099998,40679.8349
1431,2020,10,삼양동,19768825.621099997,109725.46649999998
1432,2020,10,서홍동,7044198.5121,52421.850399999996
1433,2020,10,성산읍,16479652.052500002,61832.27310000001
1434,2020,10,송산동,2595149.5389,7210.2978
1435,2020,10,아라동,40148911.2266,988962.6517
1436,2020,10,안덕면,20355333.4827,337682.0029000001
1437,2020,10,애월읍,42808475.1449,237272.06129999997
1438,2020,10,연동,47135719.2519,397105.0602
1439,2020,10,영천동,5928889.9353,154622.3765
1440,2020,10,예래동,7048474.8923,6054.320999999999
1441,2020,10,오라동,17924312.817900002,149847.39529999997
1442,2020,10,외도동,12315384.991700001,64900.3179
1443,2020,10,용담1동,7319968.9852,72172.94330000001
1444,2020,10,용담2동,17040711.941800002,219641.3883
1445,2020,10,우도면,1938393.0975000001,2513.2275
1446,2020,10,이도1동,12142098.1408,107250.7039
1447,2020,10,이도2동,54728815.0125,1041890.7593000002
1448,2020,10,이호동,4789091.398,10399.5279
1449,2020,10,일도1동,2863016.8200000003,17170.101299999995
1450,2020,10,일도2동,26491357.5097,164651.38150000002
1451,2020,10,정방동,4137203.0759,8588.033500000001
1452,2020,10,조천읍,24476601.2081,180620.15329999998
1453,2020,10,중문동,11668928.1389,86686.4688
1454,2020,10,중앙동,4648767.797700001,104722.9877
1455,2020,10,천지동,1983822.5247,5045.113300000001
1456,2020,10,추자면,1881509.4385000002,1058.1536
1457,2020,10,표선면,12030067.053299997,109477.6423
1458,2020,10,한경면,8207347.8067999985,43046.955
1459,2020,10,한림읍,21889257.4812,301607.0284
1460,2020,10,화북동,25162087.720799997,332075.4024
1461,2020,10,효돈동,4188358.7077,14772.422400000001
1462,2020,11,건입동,10260321.889899999,69182.66679999998
1463,2020,11,구좌읍,15702095.082500001,255422.0481
1464,2020,11,남원읍,16601853.846700002,74267.1181
1465,2020,11,노형동,55539195.1407,1229962.9404
1466,2020,11,대륜동,16281931.1677,255825.59799999994
1467,2020,11,대정읍,18496389.777,156747.15840000001
1468,2020,11,대천동,10176287.8811,110401.0988
1469,2020,11,도두동,3261581.0648999996,568.4802
1470,2020,11,동홍동,19381318.274399996,461983.55859999993
1471,2020,11,봉개동,6539326.139899999,221105.03349999996
1472,2020,11,삼도1동,11415893.332400002,85265.0901
1473,2020,11,삼도2동,7544066.837700002,56583.48840000001
1474,2020,11,삼양동,19932830.938,104512.95059999998
1475,2020,11,서홍동,7120739.991300002,94735.78920000003
1476,2020,11,성산읍,16806155.715099998,62666.078400000006
1477,2020,11,송산동,2520274.3581999997,3051.9119
1478,2020,11,아라동,42460718.2651,1318756.5895999996
1479,2020,11,안덕면,20346315.3858,360092.9744
1480,2020,11,애월읍,43716331.0641,365336.91649999993
1481,2020,11,연동,49856434.4249,407323.3591000001
1482,2020,11,영천동,5984094.572000001,224494.10739999998
1483,2020,11,예래동,7397630.462600001,10782.762700000001
1484,2020,11,오라동,18421647.121799998,122700.54759999999
1485,2020,11,외도동,12544007.2273,66136.51659999999
1486,2020,11,용담1동,7402976.7025999995,120096.2903
1487,2020,11,용담2동,16353179.443,247453.28529999996
1488,2020,11,우도면,1885979.0479,5235.1477
1489,2020,11,이도1동,12766116.928399999,145369.9329
1490,2020,11,이도2동,56418075.2032,1104673.1078
1491,2020,11,이호동,4536312.2968,3863.3445999999994
1492,2020,11,일도1동,2946956.1759,10812.8182
1493,2020,11,일도2동,26827393.8566,180929.17350000003
1494,2020,11,정방동,4382244.9683,10945.2474
1495,2020,11,조천읍,24643141.6612,176997.53800000003
1496,2020,11,중문동,12149091.844,114083.404
1497,2020,11,중앙동,4814332.093799999,134270.149
1498,2020,11,천지동,1978192.8092000003,2820.4640999999992
1499,2020,11,추자면,1960263.8544,610.3141
1500,2020,11,표선면,12259793.0324,123791.38679999998
1501,2020,11,한경면,7783671.9482,55278.784000000014
1502,2020,11,한림읍,21668291.594499998,415614.3537999999
1503,2020,11,화북동,25471764.332099997,377848.08629999997
1504,2020,11,효돈동,4202390.6462,21137.429800000005
1505,2020,12,건입동,10212803.1606,59091.62600000001
1506,2020,12,구좌읍,14924338.836099999,138452.99420000002
1507,2020,12,남원읍,17111862.5538,70846.11189999999
1508,2020,12,노형동,56918909.52960001,808863.7768999999
1509,2020,12,대륜동,16460073.828399997,177645.9631
1510,2020,12,대정읍,18945448.8739,129845.74209999999
1511,2020,12,대천동,10438985.058000002,135236.3186
1512,2020,12,도두동,2592300.2394000003,11415.0268
1513,2020,12,동홍동,19777390.097400002,396750.03909999994
1514,2020,12,봉개동,6052874.696699999,133496.73990000004
1515,2020,12,삼도1동,12047122.617099999,96201.8689
1516,2020,12,삼도2동,7194627.5446,51515.037099999994
1517,2020,12,삼양동,21967748.962700002,109838.30609999999
1518,2020,12,서홍동,7783353.2348,90074.34159999999
1519,2020,12,성산읍,15707194.235299999,64405.5089
1520,2020,12,송산동,2500277.0046000006,6689.7086
1521,2020,12,아라동,43877224.53389999,752681.0372
1522,2020,12,안덕면,18852788.8953,343529.4356999999
1523,2020,12,애월읍,43030766.64,280625.27549999993
1524,2020,12,연동,50514737.3182,411978.2178
1525,2020,12,영천동,6079708.036,136632.3703
1526,2020,12,예래동,6379423.5194,12996.057600000002
1527,2020,12,오라동,18951319.8658,126799.35369999999
1528,2020,12,외도동,13730882.833700001,65578.47200000001
1529,2020,12,용담1동,7675892.7073,121859.25420000001
1530,2020,12,용담2동,14555433.2206,211442.0935
1531,2020,12,우도면,1786386.9987,9145.445200000002
1532,2020,12,이도1동,12709639.085099999,123198.2353
1533,2020,12,이도2동,58342856.9879,933714.4549000001
1534,2020,12,이호동,4517314.8028,13562.219699999998
1535,2020,12,일도1동,2748575.0746,4321.8866
1536,2020,12,일도2동,28983894.079900004,216614.555
1537,2020,12,정방동,3934670.7531000003,18840.702900000004
1538,2020,12,조천읍,23708044.119900003,202245.63890000002
1539,2020,12,중문동,12098397.269800002,83553.3451
1540,2020,12,중앙동,4814932.5955,109155.1494
1541,2020,12,천지동,1839790.6636,2985.1458000000002
1542,2020,12,추자면,1874222.3013,1126.1310000000003
1543,2020,12,표선면,11624006.751500001,77911.10500000001
1544,2020,12,한경면,7950824.730899999,36805.1369
1545,2020,12,한림읍,21201732.426000003,264917.87009999994
1546,2020,12,화북동,26926666.326999996,322623.7217
1547,2020,12,효돈동,4345576.2829,18800.8023
1548,2021,1,건입동,10108193.871100001,64136.12980000001
1549,2021,1,구좌읍,14797344.281000001,52150.00510000001
1550,2021,1,남원읍,16809325.584799998,64589.728599999995
1551,2021,1,노형동,57643101.2485,431622.0442
1552,2021,1,대륜동,17278890.7162,77793.03690000002
1553,2021,1,대정읍,19796951.742,138964.5565
1554,2021,1,대천동,10424619.058300002,68042.875
1555,2021,1,도두동,2594531.4087000005,16302.075899999996
1556,2021,1,동홍동,20543063.128,255862.79110000003
1557,2021,1,봉개동,5854134.1364,26802.989999999998
1558,2021,1,삼도1동,12293666.332199998,54306.24650000001
1559,2021,1,삼도2동,7053586.464000001,41799.19210000001
1560,2021,1,삼양동,22677135.0462,108712.06379999999
1561,2021,1,서홍동,8071945.4392,56990.788199999995
1562,2021,1,성산읍,15770419.6143,45228.495699999985
1563,2021,1,송산동,2846099.573000001,2424.4168999999997
1564,2021,1,아라동,42867410.65139999,166246.92230000003
1565,2021,1,안덕면,18544354.8943,400329.12930000003
1566,2021,1,애월읍,42781022.328,194510.48810000002
1567,2021,1,연동,50575632.844,230863.28639999998
1568,2021,1,영천동,5866492.7479,48276.777799999996
1569,2021,1,예래동,5924734.673800001,11199.281500000001
1570,2021,1,오라동,19112239.9702,153339.72960000002
1571,2021,1,외도동,14228528.985100001,72125.8454
1572,2021,1,용담1동,7861943.656499999,73450.1857
1573,2021,1,용담2동,14087562.138799999,76941.06259999998
1574,2021,1,우도면,1534848.0788,3184.3956
1575,2021,1,이도1동,12802892.635200001,165304.5784
1576,2021,1,이도2동,59277079.20460001,614415.2021999999
1577,2021,1,이호동,4511696.3086,22738.954199999996
1578,2021,1,일도1동,2722457.0922999997,9063.926500000001
1579,2021,1,일도2동,29956150.154700004,210192.39500000002
1580,2021,1,정방동,4414565.3595,5253.5334
1581,2021,1,조천읍,23373294.412,122924.03220000002
1582,2021,1,중문동,11823427.617400002,54766.3553
1583,2021,1,중앙동,4682642.3676,60600.463199999984
1584,2021,1,천지동,1985901.0620000002,8233.660899999999
1585,2021,1,추자면,1817943.9929,10846.8475
1586,2021,1,표선면,11489990.2199,47440.7671
1587,2021,1,한경면,8047881.691,34952.43520000001
1588,2021,1,한림읍,21519324.887399998,89230.58740000002
1589,2021,1,화북동,27189902.444299996,142903.8346
1590,2021,1,효돈동,4431995.1278,25516.1706
1591,2021,2,건입동,9335844.5407,36992.2796
1592,2021,2,구좌읍,14629260.747699998,61787.1302
1593,2021,2,남원읍,15397895.6728,69532.6685
1594,2021,2,노형동,52257276.9866,364773.5584999999
1595,2021,2,대륜동,15659081.307599999,52935.3049
1596,2021,2,대정읍,18028968.4661,124868.72969999998
1597,2021,2,대천동,9432484.4449,50555.672900000005
1598,2021,2,도두동,2665886.9935,11770.1
1599,2021,2,동홍동,18839610.153100003,171486.43560000003
1600,2021,2,봉개동,5527992.4804,19729.393799999998
1601,2021,2,삼도1동,10993668.565499999,77332.03960000002
1602,2021,2,삼도2동,6565839.0629,50688.73509999999
1603,2021,2,삼양동,20008975.8711,91332.00180000001
1604,2021,2,서홍동,7112885.423700001,35228.8119
1605,2021,2,성산읍,15871512.689199999,44822.87359999999
1606,2021,2,송산동,2583843.7208,4423.1824
1607,2021,2,아라동,38645537.60429999,147324.33890000003
1608,2021,2,안덕면,18213309.1486,265907.08259999997
1609,2021,2,애월읍,40290601.8459,159339.46899999998
1610,2021,2,연동,46340058.242,225139.50510000007
1611,2021,2,영천동,5244938.8007,39951.882099999995
1612,2021,2,예래동,6527334.3358000005,9610.8322
1613,2021,2,오라동,17404421.296800002,151407.36009999996
1614,2021,2,외도동,12639716.5503,53113.672300000006
1615,2021,2,용담1동,7095073.076699999,26309.3982
1616,2021,2,용담2동,14314314.542100001,39108.544799999996
1617,2021,2,우도면,1518020.773,0.0
1618,2021,2,이도1동,11751275.994399998,135519.805
1619,2021,2,이도2동,54029368.066099994,584519.9328000001
1620,2021,2,이호동,4263525.223,14210.076000000003
1621,2021,2,일도1동,2692784.8208999997,6911.2922
1622,2021,2,일도2동,26751905.328500003,224239.19540000003
1623,2021,2,정방동,4241608.8916,28750.3482
1624,2021,2,조천읍,22174631.2446,63404.705200000004
1625,2021,2,중문동,10961201.065499999,28939.383499999996
1626,2021,2,중앙동,4402980.812299999,49961.09520000001
1627,2021,2,천지동,1911803.6968999999,11683.270700000001
1628,2021,2,추자면,1543650.8828,0.0
1629,2021,2,표선면,11037714.946800003,43534.6993
1630,2021,2,한경면,7624478.238000001,17061.7523
1631,2021,2,한림읍,20362885.8352,43885.8525
1632,2021,2,화북동,24320331.568299998,119991.7489
1633,2021,2,효돈동,4098458.9916999997,23127.1812
1634,2021,3,건입동,10068435.5102,58137.8269
1635,2021,3,구좌읍,16241127.1413,55099.400100000006
1636,2021,3,남원읍,16126079.4643,62840.32089999999
1637,2021,3,노형동,57005819.80020001,519124.31590000005
1638,2021,3,대륜동,16636161.0491,77163.72569999998
1639,2021,3,대정읍,19924071.8931,93181.46660000001
1640,2021,3,대천동,10214371.1471,56266.5349
1641,2021,3,도두동,2960900.1074,6478.4367999999995
1642,2021,3,동홍동,20100248.439200003,201738.0137
1643,2021,3,봉개동,6390653.965299999,25186.836900000002
1644,2021,3,삼도1동,11615909.5638,72853.4848
1645,2021,3,삼도2동,7267235.4486,56458.513900000005
1646,2021,3,삼양동,20852977.621799998,76538.4956
1647,2021,3,서홍동,7586260.841,50895.7685
1648,2021,3,성산읍,16955909.4528,54487.2378
1649,2021,3,송산동,2632283.0433,1993.0104999999999
1650,2021,3,아라동,46496489.2494,229041.60189999995
1651,2021,3,안덕면,20277516.0825,410970.8296
1652,2021,3,애월읍,44713903.4499,200413.10279999994
1653,2021,3,연동,50581580.561500005,290749.18319999997
1654,2021,3,영천동,6160447.1296999995,36486.67080000001
1655,2021,3,예래동,7080232.213099999,9124.5017
1656,2021,3,오라동,18507533.6153,124097.0613
1657,2021,3,외도동,13103663.9057,82356.56509999998
1658,2021,3,용담1동,7644357.281300001,26247.553599999992
1659,2021,3,용담2동,15665206.391999999,75743.6212
1660,2021,3,우도면,1823192.4749,11934.033800000001
1661,2021,3,이도1동,12814572.682300001,119236.8345
1662,2021,3,이도2동,58112117.703999996,660822.0419000001
1663,2021,3,이호동,4587148.1419,15777.7756
1664,2021,3,일도1동,2836307.5824999996,9206.455599999998
1665,2021,3,일도2동,27762685.448599998,212353.87909999996
1666,2021,3,정방동,4384687.541300001,15840.457
1667,2021,3,조천읍,24066508.374500006,114065.45200000002
1668,2021,3,중문동,11900926.868500002,30699.563900000005
1669,2021,3,중앙동,5039254.4025,34525.352600000006
1670,2021,3,천지동,1954866.3923999998,3915.3832999999995
1671,2021,3,추자면,1789910.4773000004,0.0
1672,2021,3,표선면,12299023.0744,27392.665299999997
1673,2021,3,한경면,8244963.153,32473.4898
1674,2021,3,한림읍,22339246.6196,94635.5233
1675,2021,3,화북동,26483338.797399998,133115.3442
1676,2021,3,효돈동,4152460.5637999997,3853.7088000000003
1677,2021,4,건입동,9905485.705,95626.82249999998
1678,2021,4,구좌읍,16511636.910999997,330311.85270000005
1679,2021,4,남원읍,16379831.3752,53458.7221
1680,2021,4,노형동,54986750.86999999,1048374.5333
1681,2021,4,대륜동,16472231.162100002,352380.34420000005
1682,2021,4,대정읍,19671665.394199997,198671.37509999995
1683,2021,4,대천동,10128816.728899999,187777.73630000005
1684,2021,4,도두동,3131862.1341,2249.5853
1685,2021,4,동홍동,19216629.7883,525215.6991000001
1686,2021,4,봉개동,6545626.056600001,256858.72850000003
1687,2021,4,삼도1동,11111665.498100001,121617.0823
1688,2021,4,삼도2동,7212060.3005,64467.807199999996
1689,2021,4,삼양동,19885656.232400004,93515.8899
1690,2021,4,서홍동,7262580.229499999,121100.66319999998
1691,2021,4,성산읍,17526754.715,50313.409799999994
1692,2021,4,송산동,2621086.5845,1177.8561
1693,2021,4,아라동,43767975.71100001,1438185.4580999997
1694,2021,4,안덕면,20654675.3005,454425.6182
1695,2021,4,애월읍,44222519.2186,448479.9493999999
1696,2021,4,연동,49375616.9869,390739.1403
1697,2021,4,영천동,5661822.052999999,382378.4955000001
1698,2021,4,예래동,7511378.2368,7331.8272
1699,2021,4,오라동,18023989.0788,118440.45279999997
1700,2021,4,외도동,12645381.985900003,52950.57770000001
1701,2021,4,용담1동,7168557.108999999,128131.10339999999
1702,2021,4,용담2동,15855509.1111,319638.2317
1703,2021,4,우도면,1874243.4361999999,4461.9038
1704,2021,4,이도1동,12698259.3961,117105.73099999999
1705,2021,4,이도2동,55551045.038100004,1076850.9039999999
1706,2021,4,이호동,4534747.357000001,11574.9222
1707,2021,4,일도1동,2798826.6883,5917.3449
1708,2021,4,일도2동,26690774.051599998,166651.20160000003
1709,2021,4,정방동,4330272.4775,12054.360400000001
1710,2021,4,조천읍,24368169.538799997,283717.9208
1711,2021,4,중문동,11855813.084900001,135043.31630000003
1712,2021,4,중앙동,4832723.5961,143883.3935
1713,2021,4,천지동,1983755.0984000005,1941.2131000000004
1714,2021,4,추자면,1787091.0668000001,808.6452000000002
1715,2021,4,표선면,12599463.1162,183636.192
1716,2021,4,한경면,8179953.4978,89369.38100000001
1717,2021,4,한림읍,22524922.5416,501547.3814000001
1718,2021,4,화북동,25242997.6386,483243.0902
1719,2021,4,효돈동,4065258.2378000002,28835.398799999995
1720,2021,5,건입동,10488626.025999999,90602.41040000001
1721,2021,5,구좌읍,17479460.1008,223878.086
1722,2021,5,남원읍,17158130.092899997,61327.768200000006
1723,2021,5,노형동,56632493.4475,852154.4498
1724,2021,5,대륜동,17544688.8601,217857.12319999997
1725,2021,5,대정읍,20873643.1171,176701.5541
1726,2021,5,대천동,10596467.3638,153493.8872
1727,2021,5,도두동,3316149.4341999996,12417.427499999996
1728,2021,5,동홍동,19920925.803,463098.71810000006
1729,2021,5,봉개동,6735413.8795,174924.98359999998
1730,2021,5,삼도1동,11704743.9298,89293.4414
1731,2021,5,삼도2동,7543900.467599999,58430.75749999999
1732,2021,5,삼양동,21169514.7119,105124.33979999999
1733,2021,5,서홍동,7698844.306000001,104644.44370000003
1734,2021,5,성산읍,18090954.776699997,41852.8267
1735,2021,5,송산동,2781979.8631999996,109.2854
1736,2021,5,아라동,44032405.4718,956325.7439999998
1737,2021,5,안덕면,22287942.7783,573791.3295
1738,2021,5,애월읍,46776623.41280001,307918.3726
1739,2021,5,연동,50885446.54130001,378512.10179999995
1740,2021,5,영천동,5924765.3269,220198.74379999997
1741,2021,5,예래동,8178320.605299999,14676.8374
1742,2021,5,오라동,18639488.6625,64907.632399999995
1743,2021,5,외도동,13672301.616299998,57704.0622
1744,2021,5,용담1동,7443732.583500001,95445.0575
1745,2021,5,용담2동,16470000.8625,211805.9914
1746,2021,5,우도면,2078272.9012000004,4212.0385
1747,2021,5,이도1동,13108449.2337,114448.32399999998
1748,2021,5,이도2동,56990827.1321,962583.7227000002
1749,2021,5,이호동,4897455.053400001,11724.407099999999
1750,2021,5,일도1동,2935991.4866000004,5947.718000000001
1751,2021,5,일도2동,27650903.3275,164194.9713
1752,2021,5,정방동,4302939.523100001,19651.092599999996
1753,2021,5,조천읍,25951744.6725,198022.42339999997
1754,2021,5,중문동,12435493.8941,112499.67079999999
1755,2021,5,중앙동,4756787.3213,82902.77290000001
1756,2021,5,천지동,2174242.7207,1761.2298
1757,2021,5,추자면,1884915.2133,371.7378
1758,2021,5,표선면,12873246.8513,124843.0753
1759,2021,5,한경면,8694069.0145,45222.4853
1760,2021,5,한림읍,23493251.4955,304670.4820999999
1761,2021,5,화북동,25968711.383199997,396673.65790000005
1762,2021,5,효돈동,4302147.9318,19175.0421
1763,2021,6,건입동,10291658.7411,67736.22649999999
1764,2021,6,구좌읍,16991223.499799997,188620.01510000002
1765,2021,6,남원읍,16537837.6463,67462.20920000001
1766,2021,6,노형동,55365920.324899994,683091.6345
1767,2021,6,대륜동,17104556.6541,139794.89390000002
1768,2021,6,대정읍,19168544.2904,159741.2259
1769,2021,6,대천동,10148082.9677,105679.78710000002
1770,2021,6,도두동,3310425.3883,2083.4879000000005
1771,2021,6,동홍동,19274456.244900003,358702.3614
1772,2021,6,봉개동,6521562.1591,158075.2392
1773,2021,6,삼도1동,11089949.427499998,97008.93359999999
1774,2021,6,삼도2동,7399375.0313,62776.201
1775,2021,6,삼양동,20282608.6026,97324.22700000003
1776,2021,6,서홍동,7401942.6997,96738.99160000001
1777,2021,6,성산읍,17442273.824500002,52335.05959999998
1778,2021,6,송산동,2641862.943,3103.423399999999
1779,2021,6,아라동,43906747.665400006,661977.9259000001
1780,2021,6,안덕면,20357382.4697,377879.4952
1781,2021,6,애월읍,44994556.1241,287664.69700000004
1782,2021,6,연동,49286491.257,275436.1477
1783,2021,6,영천동,5826443.495100001,236446.94199999998
1784,2021,6,예래동,7974063.6013,8288.017500000002
1785,2021,6,오라동,17688830.617399998,106796.02160000001
1786,2021,6,외도동,12916197.685000002,70316.9359
1787,2021,6,용담1동,7189857.796500001,67122.12039999999
1788,2021,6,용담2동,16179189.5554,133352.00569999998
1789,2021,6,우도면,2129326.2931,12580.260600000001
1790,2021,6,이도1동,12717813.725899998,111422.4559
1791,2021,6,이도2동,55048017.0721,703836.2453000001
1792,2021,6,이호동,4863858.463099999,3638.9248
1793,2021,6,일도1동,2821836.7948000003,5360.9175
1794,2021,6,일도2동,26544146.1623,186379.26280000005
1795,2021,6,정방동,4115254.6403,17289.252699999997
1796,2021,6,조천읍,24903553.8565,206587.46089999995
1797,2021,6,중문동,12001490.7126,89866.8222
1798,2021,6,중앙동,4659955.032,57662.013399999996
1799,2021,6,천지동,2093695.1355000003,3416.778100000001
1800,2021,6,추자면,1712822.9578999998,430.9459
1801,2021,6,표선면,12510843.191899996,96952.9296
1802,2021,6,한경면,8510258.562399998,47587.4897
1803,2021,6,한림읍,23370518.9425,292182.8519
1804,2021,6,화북동,25494212.854999997,209268.3408
1805,2021,6,효돈동,4132047.4105,13702.894199999999
