year,month,emd_nm,ETC_visit_pop_cnt,THA_visit_pop_cnt
2018,1,건입동,74071.26200000016,4151.8176000000185
2018,1,구좌읍,41451.21409999998,5113.537300000004
2018,1,남원읍,251894.20200000002,3670.95790000001
2018,1,노형동,195406.12230000013,4151.817700000021
2018,1,대륜동,42498.483900000116,328.3923999999999
2018,1,대정읍,33287.9391000001,7799.318600000027
2018,1,대천동,15800.679800000047,551.2300999999998
2018,1,도두동,87949.77200000038,15375.796600000058
2018,1,동홍동,28786.199200000014,891.3507999999995
2018,1,봉개동,14548.089200000031,586.4149999999998
2018,1,삼도1동,16391.141800000027,152.46790000000001
2018,1,삼도2동,105143.86440000065,1993.8107999999986
2018,1,삼양동,8557.854800000016,609.8715999999997
2018,1,서홍동,130739.43489999993,2087.637399999999
2018,1,성산읍,109056.55160000082,12643.103399999998
2018,1,송산동,6831.597800000007,35.1849
2018,1,아라동,29888.815400000018,70.36980000000001
2018,1,안덕면,97439.81690000044,13006.682600000027
2018,1,애월읍,167482.2667000001,11001.145300000051
2018,1,연동,818105.9259000013,11329.536000000038
2018,1,영천동,19938.11469999994,11.7283
2018,1,예래동,112123.9696000006,562.9583999999998
2018,1,오라동,23025.115299999954,656.7847999999997
2018,1,외도동,7802.991499999981,24359.670200000124
2018,1,용담1동,10794.303400000013,35.1849
2018,1,용담2동,513645.2746000005,64400.04640000027
2018,1,우도면,7310.2347999999965,328.3923999999999
2018,1,이도1동,25986.81929999998,293.2074999999999
2018,1,이도2동,37776.30799999993,4233.916200000017
2018,1,이호동,9416.596299999996,31009.61030000008
2018,1,일도1동,13154.553900000003,926.5355999999995
2018,1,일도2동,15516.280600000006,46.9132
2018,1,정방동,38006.60990000005,23.4566
2018,1,조천읍,45581.233199999995,703.6979999999996
2018,1,중문동,34127.97530000013,187.6528
2018,1,중앙동,13112.274800000016,281.47919999999993
2018,1,천지동,17406.058700000005,187.65279999999998
2018,1,추자면,12004.869000000053,105.55470000000003
2018,1,표선면,33630.344900000004,11869.036800000084
2018,1,한경면,13030.300100000011,1466.037499999999
2018,1,한림읍,57691.83379999997,398.76219999999984
2018,1,화북동,8625.80090000003,0.0
2018,1,효돈동,6418.454500000082,0.0
2018,2,건입동,82359.87259999997,1382.6168999999989
2018,2,구좌읍,33742.27430000009,3454.3684000000176
2018,2,남원읍,158079.13300000023,2019.4094999999961
2018,2,노형동,237272.74889999995,4431.352800000035
2018,2,대륜동,45988.25009999999,562.6448999999999
2018,2,대정읍,27771.368600000016,2930.974100000008
2018,2,대천동,15079.85040000005,327.11970000000036
2018,2,도두동,85932.50980000006,8792.912900000012
2018,2,동홍동,47604.80980000003,135.20959999999997
2018,2,봉개동,17946.17180000001,244.2495000000002
2018,2,삼도1동,11527.108599999976,61.06240000000002
2018,2,삼도2동,90580.17770000001,1016.2479999999978
2018,2,삼양동,10522.362400000009,52.33920000000001
2018,2,서홍동,108528.82000000012,409.9903000000006
2018,2,성산읍,108907.64069999984,5351.641900000026
2018,2,송산동,9134.324699999968,13.084800000000001
2018,2,아라동,29923.82520000008,375.09740000000045
2018,2,안덕면,104809.26510000006,5103.034000000037
2018,2,애월읍,172077.36720000007,6668.833899999999
2018,2,연동,801840.9388,21018.37889999989
2018,2,영천동,17909.986199999996,17.4464
2018,2,예래동,185594.65589999958,863.5923999999972
2018,2,오라동,17713.431300000004,610.6215999999998
2018,2,외도동,5737.879199999994,6690.641300000023
2018,2,용담1동,9857.408699999974,113.40159999999997
2018,2,용담2동,529370.4808000004,38713.240000000165
2018,2,우도면,11665.632499999963,4.3616
2018,2,이도1동,25407.964100000037,122.1245
2018,2,이도2동,47937.862800000104,1295.3887999999974
2018,2,이호동,16082.186899999944,18977.162799999976
2018,2,일도1동,13443.98630000001,628.0674999999992
2018,2,일도2동,15606.349700000059,43.6158
2018,2,정방동,56772.93410000002,492.8608000000008
2018,2,조천읍,41927.98870000003,1160.1838999999939
2018,2,중문동,28674.36270000004,82.8702
2018,2,중앙동,13921.767499999976,13.084800000000001
2018,2,천지동,23397.24950000004,0.0
2018,2,추자면,19798.304900000086,109.03999999999998
2018,2,표선면,35812.87360000002,5460.68170000002
2018,2,한경면,9590.506899999997,279.1424000000003
2018,2,한림읍,68869.05240000009,841.7869999999969
2018,2,화북동,3919.6529000000087,104.67839999999998
2018,2,효돈동,3211.012499999993,0.0
2018,3,건입동,107799.4819,4459.372500000006
2018,3,구좌읍,74281.2746,6355.559299999989
2018,3,남원읍,162677.1155,5031.089899999982
2018,3,노형동,312220.18250000017,6422.262499999967
2018,3,대륜동,56891.41870000013,2239.216000000006
2018,3,대정읍,67075.78809999999,10309.917599999948
2018,3,대천동,31093.313200000157,1448.3419
2018,3,도두동,97801.83210000009,20581.71410000008
2018,3,동홍동,26191.081900000027,914.7450999999991
2018,3,봉개동,27777.419300000005,1305.4177000000018
2018,3,삼도1동,18484.46909999998,28.585800000000003
2018,3,삼도2동,122170.06759999991,3335.0009000000045
2018,3,삼양동,11136.649299999966,0.0
2018,3,서홍동,165547.68669999996,2648.9446000000094
2018,3,성산읍,170431.50110000008,13587.743199999974
2018,3,송산동,10904.455400000043,200.10019999999997
2018,3,아라동,58132.952900000026,1238.717100000001
2018,3,안덕면,380531.7872999999,9795.375799999949
2018,3,애월읍,222109.3550000002,16036.590799999936
2018,3,연동,1210242.486099999,19114.314099999938
2018,3,영천동,10978.7399,1114.8445
2018,3,예래동,163493.63979999974,9623.858799999924
2018,3,오라동,38252.6132000001,895.6867999999994
2018,3,외도동,8327.552600000041,16865.571899999944
2018,3,용담1동,14085.12190000002,28.585800000000003
2018,3,용담2동,692685.3235999999,91426.64470000032
2018,3,우도면,14157.189699999966,19.0572
2018,3,이도1동,33381.24480000011,1238.7177000000006
2018,3,이도2동,78995.5318999996,3506.5173000000113
2018,3,이호동,13752.953399999982,47947.77120000001
2018,3,일도1동,16451.2062,1257.7715000000003
2018,3,일도2동,24183.59990000006,85.7573
2018,3,정방동,51524.64200000012,3725.674900000016
2018,3,조천읍,68016.04530000011,1715.1429000000044
2018,3,중문동,71826.50709999983,828.9869999999993
2018,3,중앙동,20624.638699999974,28.585800000000003
2018,3,천지동,24956.142500000016,362.08590000000004
2018,3,추자면,26939.832400000032,705.1157999999994
2018,3,표선면,54232.75300000015,14492.960099999957
2018,3,한경면,25070.93430000012,3106.316800000012
2018,3,한림읍,96483.00570000001,1543.6324000000038
2018,3,화북동,17200.88540000004,38.1143
2018,3,효돈동,2826.3021999999933,657.4731999999993
2018,4,건입동,144307.74929999965,7664.0242999999655
2018,4,구좌읍,70148.51809999974,8474.725299999982
2018,4,남원읍,192107.28349999996,2833.2611000000065
2018,4,노형동,271707.5439000003,4203.930900000002
2018,4,대륜동,62800.38909999994,2624.322200000001
2018,4,대정읍,81148.54579999979,8951.113999999969
2018,4,대천동,32190.456400000032,543.2510000000001
2018,4,도두동,120227.41179999968,22891.795999999973
2018,4,동홍동,37262.913900000014,518.1784000000004
2018,4,봉개동,39110.82070000004,267.4463999999999
2018,4,삼도1동,22130.841099999947,1228.5822000000023
2018,4,삼도2동,143311.44879999993,2950.271000000005
2018,4,삼양동,13074.37679999998,8.3577
2018,4,서홍동,104766.83119999997,635.1852
2018,4,성산읍,186043.5411999997,17969.101099999974
2018,4,송산동,14075.609900000029,4772.258399999999
2018,4,아라동,41148.237500000076,58.5039
2018,4,안덕면,262884.48449999973,11684.091400000014
2018,4,애월읍,236266.28000000014,13355.632899999993
2018,4,연동,1154497.762999998,18763.08230000003
2018,4,영천동,20107.3076999999,2975.3481999999995
2018,4,예래동,203926.19459999987,7680.73299999995
2018,4,오라동,40945.177600000054,1036.3550000000012
2018,4,외도동,9795.371299999999,29285.457599999972
2018,4,용담1동,15701.141599999966,58.5039
2018,4,용담2동,732287.8935000006,92026.89510000031
2018,4,우도면,29627.606500000013,75.2193
2018,4,이도1동,36206.18430000006,727.120000000001
2018,4,이도2동,74595.0630999999,5975.765599999983
2018,4,이호동,17789.33569999997,32235.735299999906
2018,4,일도1동,17525.80609999995,2072.7131000000027
2018,4,일도2동,22365.20490000002,50.1462
2018,4,정방동,68840.59439999993,3969.9112000000077
2018,4,조천읍,108737.06599999964,2482.2372000000055
2018,4,중문동,48824.5574,3109.0667000000053
2018,4,중앙동,19141.83590000001,468.03140000000013
2018,4,천지동,29453.410099999986,936.0643000000006
2018,4,추자면,42281.22649999998,601.7544000000008
2018,4,표선면,69840.67749999993,15536.99920000004
2018,4,한경면,27141.386900000114,417.88500000000005
2018,4,한림읍,99562.25219999987,3727.536900000003
2018,4,화북동,10996.45139999998,1153.3626000000022
2018,4,효돈동,6293.207400000002,292.5195
2018,5,건입동,144083.3805000002,4741.74109999999
2018,5,구좌읍,69643.27129999996,7523.559499999991
2018,5,남원읍,216939.57420000015,5428.168799999981
2018,5,노형동,275543.9377,3332.7695999999896
2018,5,대륜동,60356.74539999998,1887.6641999999943
2018,5,대정읍,58351.97370000004,10648.59039999998
2018,5,대천동,23424.907199999998,153.54230000000007
2018,5,도두동,140644.1600000001,19933.361200000036
2018,5,동홍동,30976.711100000055,198.70180000000008
2018,5,봉개동,55107.87370000001,605.1371999999998
2018,5,삼도1동,33128.94870000005,352.24410000000023
2018,5,삼도2동,175728.89390000026,3558.5659999999907
2018,5,삼양동,17055.521799999995,162.57420000000008
2018,5,서홍동,101088.47409999999,478.69070000000033
2018,5,성산읍,159007.46500000035,15959.33669999998
2018,5,송산동,19955.649400000053,234.82940000000013
2018,5,아라동,40794.66439999992,966.4132999999978
2018,5,안덕면,294697.43730000005,9149.298299999982
2018,5,애월읍,272723.2232000006,20104.966800000075
2018,5,연동,1113529.9668,14902.604500000023
2018,5,영천동,15297.94410000004,27.0957
2018,5,예래동,195256.54210000037,4001.129099999987
2018,5,오라동,40404.15659999999,1228.3383999999971
2018,5,외도동,8840.082100000023,38340.33160000008
2018,5,용담1동,14377.121000000014,767.711499999999
2018,5,용담2동,809796.2547000002,92161.29919999962
2018,5,우도면,28815.087499999936,99.35090000000002
2018,5,이도1동,42786.81650000007,334.1802000000002
2018,5,이도2동,62818.55270000004,3838.552499999993
2018,5,이호동,19173.27069999999,37455.20719999998
2018,5,일도1동,16129.935600000063,1815.409199999997
2018,5,일도2동,15328.272300000019,126.44660000000005
2018,5,정방동,58059.26040000002,2673.440699999993
2018,5,조천읍,94497.25310000013,3106.9714999999915
2018,5,중문동,48131.72949999993,1427.0390999999977
2018,5,중앙동,17888.21800000005,903.1899999999982
2018,5,천지동,29295.26790000006,1914.7604999999962
2018,5,추자면,74869.56700000002,722.5517999999994
2018,5,표선면,67821.68439999998,15697.413500000006
2018,5,한경면,22920.85159999998,659.3286999999995
2018,5,한림읍,114885.66710000006,370.30790000000025
2018,5,화북동,10364.31440000001,2826.982399999994
2018,5,효돈동,2739.661799999998,36.1275
2018,6,건입동,184673.74719999993,4385.849000000011
2018,6,구좌읍,75258.7230000001,5061.89320000001
2018,6,남원읍,407579.5719000001,2112.647599999992
2018,6,노형동,284571.0025999999,4715.422900000016
2018,6,대륜동,85264.50170000001,2273.2055000000014
2018,6,대정읍,54573.966,6836.516100000017
2018,6,대천동,29066.684900000073,481.6838000000002
2018,6,도두동,158962.49900000024,4757.674000000012
2018,6,동홍동,42731.73370000012,261.9683
2018,6,봉개동,42726.69480000003,177.46229999999997
2018,6,삼도1동,29815.197500000075,92.95659999999998
2018,6,삼도2동,194045.47869999986,2104.1938999999966
2018,6,삼양동,20004.306200000035,219.71560000000005
2018,6,서홍동,100293.54159999957,1774.6204999999957
2018,6,성산읍,211338.06120000014,7766.076600000028
2018,6,송산동,23681.118600000093,1064.7729000000002
2018,6,아라동,58306.72459999992,363.37570000000017
2018,6,안덕면,266800.6447000002,7250.591200000029
2018,6,애월읍,406850.20749999996,15675.809899999946
2018,6,연동,1201293.6980000003,13309.64819999994
2018,6,영천동,18341.58260000008,5923.8508000000065
2018,6,예래동,233449.84619999988,2264.7566999999963
2018,6,오라동,40551.686800000076,1318.2921999999974
2018,6,외도동,17021.197600000025,40655.69699999988
2018,6,용담1동,13852.750000000036,101.40719999999997
2018,6,용담2동,808031.2290999993,67351.04749999975
2018,6,우도면,53537.30989999997,397.1778000000002
2018,6,이도1동,38882.78270000008,1284.4903999999983
2018,6,이도2동,66011.76040000007,3878.817200000008
2018,6,이호동,20110.563900000085,16309.605299999916
2018,6,일도1동,17275.397900000044,1284.487599999999
2018,6,일도2동,13327.918400000042,270.41910000000007
2018,6,정방동,90206.7214000001,2898.5458000000053
2018,6,조천읍,109827.9203,3202.7723000000133
2018,6,중문동,57026.424700000054,4318.244900000018
2018,6,중앙동,23446.864300000114,295.77100000000013
2018,6,천지동,42032.44550000006,878.8608000000008
2018,6,추자면,90473.93489999996,726.7516000000005
2018,6,표선면,98693.69480000007,11036.45180000001
2018,6,한경면,19093.98500000004,490.1339000000002
2018,6,한림읍,130581.22190000015,5205.555799999995
2018,6,화북동,9990.133800000018,304.22140000000013
2018,6,효돈동,3201.248800000001,8.4506
2018,7,건입동,137901.19120000006,1503.450000000005
2018,7,구좌읍,80599.70030000008,1214.3250000000032
2018,7,남원읍,286446.2688000001,7085.49620000001
2018,7,노형동,312295.4882000001,1385.8725000000056
2018,7,대륜동,68828.34969999996,1000.3725000000038
2018,7,대정읍,28869.51160000004,435.6150000000012
2018,7,대천동,26580.15390000005,341.16750000000076
2018,7,도두동,217712.81849999988,1112.1675000000037
2018,7,동홍동,60684.43010000001,339.2400000000002
2018,7,봉개동,58316.07289999999,1719.3300000000054
2018,7,삼도1동,43829.00330000007,1823.4150000000052
2018,7,삼도2동,174444.49770000024,468.38250000000073
2018,7,삼양동,18816.028500000015,48.1875
2018,7,서홍동,5544.102200000015,0.0
2018,7,성산읍,217148.4867000002,1553.5650000000055
2018,7,송산동,29176.747200000063,82.88250000000001
2018,7,아라동,59474.94629999995,751.7250000000026
2018,7,안덕면,391120.51679999975,3596.7150000000047
2018,7,애월읍,459107.54640000034,6487.966699999999
2018,7,연동,1449683.3478000006,8577.379999999988
2018,7,영천동,19125.445700000037,3.855
2018,7,예래동,367323.4213000002,1597.8975000000055
2018,7,오라동,67765.38890000002,3756.70039999998
2018,7,외도동,24727.15360000004,63.60750000000002
2018,7,용담1동,23602.537100000078,69.38999999999997
2018,7,용담2동,1033585.7515999996,4897.7787000000035
2018,7,우도면,61857.50359999989,898.2150000000025
2018,7,이도1동,45029.34570000004,639.9300000000018
2018,7,이도2동,81844.78670000004,1580.550000000006
2018,7,이호동,33095.99549999993,167.69250000000005
2018,7,일도1동,16657.563700000042,327.67500000000047
2018,7,일도2동,22444.87650000006,69.39
2018,7,정방동,100882.65080000006,564.7575000000011
2018,7,조천읍,177304.89100000012,1166.1375000000044
2018,7,중문동,78971.95860000003,676.5525000000019
2018,7,중앙동,27241.75220000011,28.912499999999994
2018,7,천지동,52182.62370000011,106.01249999999989
2018,7,추자면,136096.74709999998,1432.1325000000047
2018,7,표선면,115969.47060000003,767.1450000000024
2018,7,한경면,33853.163900000065,277.56
2018,7,한림읍,183701.68809999982,2314.9275000000075
2018,7,화북동,8309.780199999996,3.855
2018,7,효돈동,4288.759600000008,7.71
2018,8,건입동,191815.77900000016,885.0096000000054
2018,8,구좌읍,100059.40259999993,635.198200000001
2018,8,남원읍,252796.2190999997,11070.913200000028
2018,8,노형동,482538.7571,1571.6839000000057
2018,8,대륜동,97524.27900000011,843.5833000000042
2018,8,대정읍,61254.919600000074,414.2550999999974
2018,8,대천동,41578.13409999997,387.894399999999
2018,8,도두동,292222.83340000006,1006.7772000000062
2018,8,동홍동,79345.18430000011,649.0061000000014
2018,8,봉개동,79297.81869999995,1674.6224000000113
2018,8,삼도1동,54722.5119,469.4921999999975
2018,8,삼도2동,194312.52479999996,536.0202999999975
2018,8,삼양동,13469.468000000008,212.14640000000045
2018,8,서홍동,10072.748300000021,22.595499999999994
2018,8,성산읍,259201.1616999998,1620.6440000000107
2018,8,송산동,29731.99459999995,46.446299999999965
2018,8,아라동,75156.53410000005,396.6802999999987
2018,8,안덕면,562561.1784999988,4067.3181999999583
2018,8,애월읍,520624.0387999998,7685.233899999975
2018,8,연동,1847455.0735999981,4677.417399999952
2018,8,영천동,18580.22290000001,25.106399999999994
2018,8,예래동,499043.3945000006,538.5356999999989
2018,8,오라동,69470.01409999991,340.1913999999984
2018,8,외도동,30709.0882,188.29540000000043
2018,8,용담1동,19455.03390000005,101.68010000000011
2018,8,용담2동,1351456.5660999976,5232.280599999921
2018,8,우도면,63919.260299999965,687.9211000000012
2018,8,이도1동,56703.208300000035,158.16910000000036
2018,8,이도2동,117932.17690000014,444.3836999999971
2018,8,이호동,41201.463699999986,316.3411999999992
2018,8,일도1동,22119.176800000016,115.48970000000014
2018,8,일도2동,41973.986699999965,163.19140000000027
2018,8,정방동,121113.87649999997,626.4051999999997
2018,8,조천읍,232931.3356000001,1281.697400000009
2018,8,중문동,110809.41769999996,564.9011000000007
2018,8,중앙동,28486.371599999977,161.93670000000012
2018,8,천지동,53871.1193,448.1549999999985
2018,8,추자면,110614.81870000025,2026.1180000000104
2018,8,표선면,109543.90800000013,940.2433000000043
2018,8,한경면,31693.991700000042,259.8509000000003
2018,8,한림읍,220678.9240999996,3831.314399999973
2018,8,화북동,19474.250199999995,52.72269999999995
2018,8,효돈동,7990.357300000018,0.0
2018,9,건입동,213673.78760000056,4669.9820000000045
2018,9,구좌읍,84368.23730000012,3022.7617000000077
2018,9,남원읍,436524.0912999999,15569.192499999988
2018,9,노형동,345845.0860000004,4327.530700000001
2018,9,대륜동,70453.91060000012,1440.5884999999937
2018,9,대정읍,34625.84950000012,1717.9965999999934
2018,9,대천동,27869.089300000076,489.75609999999807
2018,9,도두동,234607.2767000001,12303.444899999997
2018,9,동홍동,60010.03160000018,384.5358999999987
2018,9,봉개동,68085.66809999998,1867.2203999999942
2018,9,삼도1동,37109.33489999999,805.4269999999982
2018,9,삼도2동,182547.7616000002,3434.0908000000204
2018,9,삼양동,14104.53040000003,288.8822999999997
2018,9,서홍동,26513.598000000016,770.9863999999993
2018,9,성산읍,201560.77450000023,7568.4029000000055
2018,9,송산동,34580.01950000006,484.01959999999855
2018,9,아라동,76157.63270000002,474.450599999998
2018,9,안덕면,224405.37379999997,9613.55790000004
2018,9,애월읍,553538.2351999998,18331.7759
2018,9,연동,1447415.0870000012,12517.721799999996
2018,9,영천동,21871.728700000043,74.611
2018,9,예래동,263598.4407000004,3711.4979000000203
2018,9,오라동,41498.04770000007,3001.718400000006
2018,9,외도동,22216.895100000016,15613.189599999963
2018,9,용담1동,18405.05090000003,380.7131999999998
2018,9,용담2동,886210.592,33803.398799999995
2018,9,우도면,51710.27590000003,1777.3036999999924
2018,9,이도1동,43416.38419999993,891.5171999999957
2018,9,이도2동,77715.65390000005,862.8173999999965
2018,9,이호동,36014.90579999993,7382.827499999998
2018,9,일도1동,17851.12100000003,1341.109499999997
2018,9,일도2동,39657.372900000075,608.3736999999978
2018,9,정방동,86710.10300000019,1446.333299999995
2018,9,조천읍,154453.6458,3390.0871999999945
2018,9,중문동,66396.59530000004,1312.4069999999954
2018,9,중앙동,29720.647100000064,455.3250999999993
2018,9,천지동,45198.19060000002,1044.5718999999974
2018,9,추자면,84863.94350000002,3799.4990999999964
2018,9,표선면,111153.34969999999,6609.915699999992
2018,9,한경면,49063.57070000004,1180.398899999994
2018,9,한림읍,150348.1043,5957.530300000001
2018,9,화북동,12665.058100000013,130.09120000000001
2018,9,효돈동,8829.052199999984,38.262299999999996
2018,10,건입동,258613.89440000014,5231.525199999968
2018,10,구좌읍,112901.71230000009,3177.548499999985
2018,10,남원읍,232130.3660999998,13292.908700000025
2018,10,노형동,513508.28150000004,5178.405999999972
2018,10,대륜동,205500.91620000039,32730.075100000173
2018,10,대정읍,45426.408500000056,1365.0262999999948
2018,10,대천동,226102.76210000057,41705.77610000002
2018,10,도두동,361013.32180000003,19020.23810000015
2018,10,동홍동,94175.68120000008,1086.547699999997
2018,10,봉개동,69412.92780000015,3930.887399999969
2018,10,삼도1동,50606.639200000085,651.9284999999975
2018,10,삼도2동,306928.0909,7074.634799999966
2018,10,삼양동,18192.569799999947,64.38799999999993
2018,10,서홍동,29521.60119999998,88.53350000000002
2018,10,성산읍,271637.2101000002,8912.914899999992
2018,10,송산동,34824.552399999775,631.0023999999964
2018,10,아라동,63584.856799999965,226.96770000000012
2018,10,안덕면,296639.4426,16365.839000000047
2018,10,애월읍,553949.9831000003,27212.011300000024
2018,10,연동,1999081.8902999994,18263.676000000156
2018,10,영천동,50816.33699999991,819.3373999999961
2018,10,예래동,451933.1970000003,4235.120699999978
2018,10,오라동,58903.02150000001,4606.962199999985
2018,10,외도동,46840.08230000003,18273.33790000008
2018,10,용담1동,27874.55849999992,413.6928999999984
2018,10,용담2동,1205023.6481999997,35551.880700000074
2018,10,우도면,76946.50380000002,2438.6954999999853
2018,10,이도1동,76210.43230000001,1163.8134999999945
2018,10,이도2동,98601.4870999998,1017.3303999999952
2018,10,이호동,36481.05979999992,6912.054399999947
2018,10,일도1동,27014.590099999878,1406.8780999999954
2018,10,일도2동,69861.53779999999,133.6051
2018,10,정방동,159483.3434,3872.9393999999825
2018,10,조천읍,192301.4125000003,2055.5868999999884
2018,10,중문동,99735.99889999987,3229.058199999987
2018,10,중앙동,43608.120099999986,2467.6715999999915
2018,10,천지동,57075.21180000002,1382.7322999999928
2018,10,추자면,59440.53560000017,3895.4739999999774
2018,10,표선면,135519.20560000002,7304.8243999999595
2018,10,한경면,47005.240800000036,523.1524999999997
2018,10,한림읍,185457.8761000003,5545.416599999952
2018,10,화북동,24320.721599999997,235.0162000000002
2018,10,효돈동,11267.97219999989,53.12009999999999
2018,11,건입동,182032.55499999976,6204.573399999968
2018,11,구좌읍,74191.47229999994,3396.9390000000167
2018,11,남원읍,171522.4586,16206.655900000012
2018,11,노형동,379907.6490000001,5259.197599999999
2018,11,대륜동,61943.85649999997,1418.9543000000047
2018,11,대정읍,58359.63419999995,1374.4466000000023
2018,11,대천동,35736.705899999986,446.87439999999845
2018,11,도두동,334477.4741000004,20132.358400000023
2018,11,동홍동,68177.45609999988,1491.9521000000054
2018,11,봉개동,72402.42819999988,3389.8162000000225
2018,11,삼도1동,41662.87009999997,717.489599999999
2018,11,삼도2동,210494.4316,7335.099699999976
2018,11,삼양동,18938.465000000047,202.96139999999963
2018,11,서홍동,21789.2755,23.1451
2018,11,성산읍,199463.52170000036,9099.44149999996
2018,11,송산동,24288.723699999995,655.1796999999979
2018,11,아라동,74497.85929999987,827.8733999999976
2018,11,안덕면,237624.21420000022,9480.43949999997
2018,11,애월읍,468801.4859000005,22683.61969999996
2018,11,연동,1691863.159500002,14079.116099999972
2018,11,영천동,31078.193999999952,637.3746999999976
2018,11,예래동,268746.60779999953,3425.4229999999993
2018,11,오라동,54102.00419999995,3614.1423000000123
2018,11,외도동,41710.20379999996,22263.45230000002
2018,11,용담1동,21274.853899999973,275.96069999999924
2018,11,용담2동,963257.9784999987,37934.21849999998
2018,11,우도면,48054.7387999999,2453.3451000000186
2018,11,이도1동,57106.686699999955,667.639999999998
2018,11,이도2동,95569.86899999986,1563.1640000000073
2018,11,이호동,50197.619099999916,7641.323799999996
2018,11,일도1동,19127.975600000016,1354.8631000000044
2018,11,일도2동,77951.95929999977,183.38009999999966
2018,11,정방동,71638.72869999986,4223.028400000032
2018,11,조천읍,136374.8957999998,3477.0555000000277
2018,11,중문동,212325.4071000006,5107.865599999994
2018,11,중앙동,29033.021599999927,1217.7756000000022
2018,11,천지동,37867.650800000025,1755.4443000000156
2018,11,추자면,56950.77729999996,3416.523100000027
2018,11,표선면,116542.6329999998,8018.762399999972
2018,11,한경면,28630.634899999957,1422.5117999999995
2018,11,한림읍,145802.5696000001,5795.087299999981
2018,11,화북동,24610.917300000026,822.5347999999972
2018,11,효돈동,9384.179300000042,186.94049999999976
2018,12,건입동,173317.52930000005,3696.360100000003
2018,12,구좌읍,69105.05980000005,2917.2117999999864
2018,12,남원읍,123812.01079999995,11797.037799999971
2018,12,노형동,406948.7364000001,7311.354200000007
2018,12,대륜동,62196.297399999996,1251.0992000000044
2018,12,대정읍,66843.6810000001,2992.477199999993
2018,12,대천동,30664.80200000001,671.3222
2018,12,도두동,323177.5713999999,27550.843299999888
2018,12,동홍동,75455.39109999995,1039.5328999999974
2018,12,봉개동,56527.02759999996,3627.1922000000036
2018,12,삼도1동,39188.751599999974,596.0511999999995
2018,12,삼도2동,180405.15400000007,7205.565499999989
2018,12,삼양동,14272.591599999998,280.73340000000013
2018,12,서홍동,180371.08810000014,3743.1493999999893
2018,12,성산읍,198538.4151000002,11414.584399999978
2018,12,송산동,20636.347099999984,1124.9743999999998
2018,12,아라동,59678.15530000007,1192.1067000000046
2018,12,안덕면,340992.09030000045,8664.176900000035
2018,12,애월읍,424216.4821000006,21431.600999999984
2018,12,연동,1703938.6848,17090.350399999985
2018,12,영천동,63451.63670000017,3222.361799999987
2018,12,예래동,142897.92210000005,1780.025000000009
2018,12,오라동,49490.945,3612.9532999999856
2018,12,외도동,35822.16709999999,27620.00619999994
2018,12,용담1동,21202.78279999998,362.1056999999996
2018,12,용담2동,922206.6740999989,49179.770700000125
2018,12,우도면,33705.04760000005,1550.144200000004
2018,12,이도1동,56927.07209999995,1279.5819999999999
2018,12,이도2동,71780.56249999988,1244.9976000000045
2018,12,이호동,51569.72430000004,11432.89439999998
2018,12,일도1동,18458.859700000005,1019.1925000000007
2018,12,일도2동,72305.78560000009,400.75909999999885
2018,12,정방동,67016.14649999994,1362.9882000000043
2018,12,조천읍,107873.81519999988,3114.540799999982
2018,12,중문동,148690.61010000014,5120.383499999994
2018,12,중앙동,29985.94079999999,750.6590999999976
2018,12,천지동,34125.6875,734.3847999999991
2018,12,추자면,51387.19450000014,4223.247699999993
2018,12,표선면,115148.64759999988,10985.34389999996
2018,12,한경면,25482.972999999958,1535.9056000000037
2018,12,한림읍,142943.52209999986,2654.7839000000067
2018,12,화북동,14355.771399999989,372.2768999999987
2018,12,효돈동,12805.98160000001,203.4308000000001
2019,1,건입동,144461.95599999986,1589.7636000000095
2019,1,구좌읍,78740.5413000002,2315.8062000000054
2019,1,남원읍,133529.94429999992,11513.779900000036
2019,1,노형동,444422.72219999984,5479.372499999981
2019,1,대륜동,58089.996099999764,785.465700000005
2019,1,대정읍,47905.946400000175,2257.836500000004
2019,1,대천동,26868.70880000012,176.80240000000006
2019,1,도두동,344696.05590000027,19694.43440000002
2019,1,동홍동,64189.607100000045,336.2143000000003
2019,1,봉개동,49383.115099999945,2562.1666000000037
2019,1,삼도1동,44835.03790000016,320.27320000000043
2019,1,삼도2동,189530.01100000023,3804.1185000000005
2019,1,삼양동,16827.71520000005,197.09119999999973
2019,1,서홍동,173771.765,3554.856199999991
2019,1,성산읍,219177.2773000002,6927.111599999983
2019,1,송산동,12700.80169999999,288.3907999999997
2019,1,아라동,47390.38870000011,755.0332000000026
2019,1,안덕면,177426.2906999999,6211.220099999995
2019,1,애월읍,446834.69669999974,18188.73040000008
2019,1,연동,1686374.1359,11678.987400000044
2019,1,영천동,75908.52479999996,3979.4688999999926
2019,1,예래동,148263.0149,675.3265000000029
2019,1,오라동,44960.23260000014,3314.293700000003
2019,1,외도동,36174.17300000001,21429.11010000009
2019,1,용담1동,18198.931500000035,121.73270000000007
2019,1,용담2동,1000698.8727999987,35594.903
2019,1,우도면,36092.87849999997,1743.3772000000079
2019,1,이도1동,59836.31279999989,426.0638000000001
2019,1,이도2동,79822.76190000003,447.80280000000164
2019,1,이호동,56346.37709999982,9029.878299999984
2019,1,일도1동,23025.775000000056,836.1841000000024
2019,1,일도2동,86954.76039999994,121.73250000000017
2019,1,정방동,64333.18739999999,1084.0008000000068
2019,1,조천읍,128995.52909999993,2204.220000000006
2019,1,중문동,126384.85349999997,2425.944600000009
2019,1,중앙동,25819.420200000146,407.2252000000014
2019,1,천지동,35301.44350000003,737.6423000000029
2019,1,추자면,43981.87629999993,3299.8019999999997
2019,1,표선면,101714.31240000005,6435.840999999993
2019,1,한경면,25559.182699999998,468.09140000000025
2019,1,한림읍,148202.12970000005,4122.9355999999925
2019,1,화북동,10293.975600000018,23.1872
2019,1,효돈동,10535.976999999992,147.81810000000007
2019,2,건입동,179005.64750000017,3870.137600000018
2019,2,구좌읍,80786.08580000022,1648.1843000000079
2019,2,남원읍,104683.22710000015,8482.804199999984
2019,2,노형동,567587.8706,4151.399200000021
2019,2,대륜동,69534.41679999993,961.9091999999955
2019,2,대정읍,54185.302400000066,1728.3436000000104
2019,2,대천동,24178.542400000057,303.76079999999973
2019,2,도두동,453604.5948999996,17165.317499999983
2019,2,동홍동,74837.30890000018,867.6870999999975
2019,2,봉개동,45016.90220000019,2198.0469000000094
2019,2,삼도1동,45322.84410000012,417.67109999999803
2019,2,삼도2동,195637.66680000018,3688.7275000000186
2019,2,삼양동,17871.47850000008,144.8489
2019,2,서홍동,124094.23059999994,4353.904800000014
2019,2,성산읍,235552.84900000022,6460.548399999974
2019,2,송산동,13572.44769999999,154.6929999999999
2019,2,아라동,68326.89240000014,210.94499999999968
2019,2,안덕면,228109.99259999976,4760.329299999983
2019,2,애월읍,473506.26000000007,15363.84109999999
2019,2,연동,1948657.260100001,7340.891000000006
2019,2,영천동,57007.25120000013,3684.5060000000076
2019,2,예래동,235354.54269999976,631.4286999999975
2019,2,오라동,53872.49619999995,2493.370400000011
2019,2,외도동,53880.36089999998,17297.514500000012
2019,2,용담1동,24516.705200000073,364.231699999999
2019,2,용담2동,976683.1471000002,30508.318200000005
2019,2,우도면,53040.58240000019,1272.7015000000006
2019,2,이도1동,68733.99110000006,316.4174999999988
2019,2,이도2동,87808.50209999995,1181.2920000000086
2019,2,이호동,72510.27580000012,9041.106800000001
2019,2,일도1동,23241.751700000073,720.0256999999982
2019,2,일도2동,68063.94560000005,184.22529999999966
2019,2,정방동,81035.80460000012,502.0490999999979
2019,2,조천읍,107318.09950000007,1646.7773000000077
2019,2,중문동,114056.21689999997,2272.5808000000134
2019,2,중앙동,26949.301000000025,302.3544999999994
2019,2,천지동,43743.25490000013,504.86169999999817
2019,2,추자면,37449.11210000012,2565.091200000002
2019,2,표선면,82669.14899999998,5356.601199999993
2019,2,한경면,24062.10199999999,527.3624999999982
2019,2,한림읍,130958.01229999971,2193.828000000008
2019,2,화북동,10536.080999999998,90.00320000000008
2019,2,효돈동,6385.66859999996,12.6567
2019,3,건입동,168371.14319999985,2684.7540999999983
2019,3,구좌읍,93757.2694999999,1668.325500000008
2019,3,남원읍,100510.13619999986,11513.448499999982
2019,3,노형동,496966.1515,3047.7630999999647
2019,3,대륜동,79295.30189999977,751.7233000000008
2019,3,대정읍,73280.53979999981,1214.5588000000068
2019,3,대천동,59296.1955999998,432.58099999999877
2019,3,도두동,389573.77489999944,16066.189699999999
2019,3,동홍동,51826.00149999984,623.1559000000013
2019,3,봉개동,66372.10419999981,4573.917400000014
2019,3,삼도1동,54743.62379999973,438.6339999999996
2019,3,삼도2동,204371.18449999994,3385.0587999999752
2019,3,삼양동,26022.82179999985,179.98749999999978
2019,3,서홍동,248906.89990000016,7394.807500000001
2019,3,성산읍,252523.53650000002,5587.318199999953
2019,3,송산동,14628.874400000068,273.7649999999998
2019,3,아라동,86595.86619999981,595.9360000000016
2019,3,안덕면,240221.2592999997,5520.765199999982
2019,3,애월읍,543090.2071000002,18298.69680000001
2019,3,연동,1814672.8275000015,6013.856099999991
2019,3,영천동,48036.44969999991,6270.988600000023
2019,3,예래동,187357.78209999972,680.6360999999997
2019,3,오라동,60531.41509999979,2531.9870999999953
2019,3,외도동,34281.766099999935,17044.805400000027
2019,3,용담1동,25529.742299999907,349.3888999999987
2019,3,용담2동,931304.2655999998,25596.69959999996
2019,3,우도면,56305.31429999978,2159.8998000000065
2019,3,이도1동,57971.74239999985,558.1196
2019,3,이도2동,100608.3658999999,966.5052000000071
2019,3,이호동,55197.562199999826,5858.063999999964
2019,3,일도1동,21254.72090000001,754.7524000000003
2019,3,일도2동,79968.40419999977,136.12560000000008
2019,3,정방동,67185.86129999986,420.48099999999926
2019,3,조천읍,124051.73379999984,2330.8184999999985
2019,3,중문동,143835.73709999985,3775.2940999999855
2019,3,중앙동,29549.319199999936,450.7284999999979
2019,3,천지동,36096.366999999926,176.9640999999999
2019,3,추자면,77713.61149999982,4009.7392999999865
2019,3,표선면,117870.22239999985,5706.80769999996
2019,3,한경면,37189.86349999988,406.86759999999936
2019,3,한림읍,126943.64079999992,3693.6229000000044
2019,3,화북동,22031.687500000022,179.9890999999999
2019,3,효돈동,6110.784900000038,16.6377
2019,4,건입동,218400.1144000001,5033.3740999999645
2019,4,구좌읍,104815.28429999994,2499.4225999999935
2019,4,남원읍,128107.5742999998,12589.636299999987
2019,4,노형동,489217.50030000083,1898.4026999999926
2019,4,대륜동,82902.67899999986,1300.1469999999986
2019,4,대정읍,68109.71290000007,1269.7511999999974
2019,4,대천동,49807.6186,407.5975999999997
2019,4,도두동,427328.48940000107,15544.99369999997
2019,4,동홍동,53171.142600000036,965.7874999999995
2019,4,봉개동,59211.31440000005,4023.384300000004
2019,4,삼도1동,51898.38400000005,853.8668999999991
2019,4,삼도2동,294647.21459999983,5887.234499999987
2019,4,삼양동,39343.38019999995,280.4833999999998
2019,4,서홍동,211406.40740000008,12190.340499999978
2019,4,성산읍,287699.1660999998,6956.6344999999865
2019,4,송산동,24685.737700000012,460.0977000000014
2019,4,아라동,70032.42800000001,770.9690000000008
2019,4,안덕면,281008.1505,4754.2779
2019,4,애월읍,586024.1421000005,19692.721599999983
2019,4,연동,1698665.1907000004,9876.06819999996
2019,4,영천동,77507.61680000008,7883.721199999987
2019,4,예래동,277696.67449999996,2364.0192999999936
2019,4,오라동,78010.94049999998,3285.584799999991
2019,4,외도동,40362.26080000002,11730.248700000058
2019,4,용담1동,21631.444999999996,442.13740000000115
2019,4,용담2동,1023553.6914000002,24839.387499999997
2019,4,우도면,62894.448099999994,3585.398100000015
2019,4,이도1동,55881.76550000001,623.1367000000027
2019,4,이도2동,97574.21819999996,1494.9575999999984
2019,4,이호동,51568.85789999998,6234.0293000000065
2019,4,일도1동,25456.367800000004,650.7645000000022
2019,4,일도2동,59505.405300000006,218.30759999999955
2019,4,정방동,90096.56299999992,1897.0225999999896
2019,4,조천읍,178106.59639999986,3205.445
2019,4,중문동,166907.38629999995,6131.786800000021
2019,4,중앙동,22800.288199999977,373.05240000000117
2019,4,천지동,55250.66190000002,437.9916000000016
2019,4,추자면,53641.95940000006,4397.814900000004
2019,4,표선면,129973.82010000007,5959.08249999998
2019,4,한경면,40510.23790000004,1667.6658999999922
2019,4,한림읍,122814.06899999999,4700.393900000013
2019,4,화북동,29991.864700000075,646.6181999999994
2019,4,효돈동,6379.144300000016,52.50460000000002
2019,5,건입동,226516.96249999985,2532.6321999999873
2019,5,구좌읍,141831.54830000005,2632.0950999999927
2019,5,남원읍,118972.88140000027,12552.145699999992
2019,5,노형동,572216.5592999997,1991.2955000000093
2019,5,대륜동,100212.10620000031,1993.2062000000046
2019,5,대정읍,79903.92700000019,2371.945800000002
2019,5,대천동,54806.4432,1953.0318000000082
2019,5,도두동,472116.1564999993,16963.18630000001
2019,5,동홍동,75042.99829999995,210.4184
2019,5,봉개동,46412.04829999999,4198.723099999997
2019,5,삼도1동,49885.173899999914,55.47410000000001
2019,5,삼도2동,280331.4043,2528.801999999997
2019,5,삼양동,56767.01170000009,59.29990000000001
2019,5,서홍동,84707.5586000002,6800.199500000052
2019,5,성산읍,323339.3122999992,7094.779200000022
2019,5,송산동,33950.77449999997,1327.533800000005
2019,5,아라동,58881.53480000006,317.53749999999997
2019,5,안덕면,387513.9813999991,5319.653700000006
2019,5,애월읍,562152.9312999996,18372.954900000055
2019,5,연동,1872765.153700001,7662.897000000009
2019,5,영천동,84526.9701000001,6132.6150999999945
2019,5,예래동,339877.9708999999,1608.720200000007
2019,5,오라동,97429.992,2603.404399999994
2019,5,외도동,38458.45509999993,15876.68640000002
2019,5,용담1동,28831.465799999958,254.4110000000004
2019,5,용담2동,1168648.0736000016,22114.499500000016
2019,5,우도면,116382.17850000017,7184.681500000024
2019,5,이도1동,62825.03109999994,212.33090000000007
2019,5,이도2동,82808.60949999998,1103.723900000002
2019,5,이호동,60307.50019999999,6737.0765000000165
2019,5,일도1동,27680.414899999974,470.56609999999887
2019,5,일도2동,62827.54730000011,43.996700000000004
2019,5,정방동,95312.93850000008,369.1879999999995
2019,5,조천읍,220418.79539999983,3253.77629999999
2019,5,중문동,172696.36880000014,5470.768300000026
2019,5,중앙동,30513.06979999997,179.81090000000012
2019,5,천지동,50937.646299999964,313.71269999999976
2019,5,추자면,88275.4459000002,3397.238900000003
2019,5,표선면,128654.92950000017,5264.185200000012
2019,5,한경면,47949.899999999965,3494.7973999999804
2019,5,한림읍,154044.2168000002,4279.063499999993
2019,5,화북동,22723.132299999957,143.46639999999982
2019,5,효돈동,9922.737299999979,269.71860000000015
2019,6,건입동,224820.71809999988,311.8806000000013
2019,6,구좌읍,110742.4336000001,243.33100000000124
2019,6,남원읍,186909.73450000005,4736.693400000007
2019,6,노형동,491243.13380000024,475.668400000001
2019,6,대륜동,114091.88560000024,299.84690000000177
2019,6,대정읍,41275.89539999996,95.76330000000013
2019,6,대천동,49992.29089999997,189.4320000000006
2019,6,도두동,422009.4021999997,776.5486999999998
2019,6,동홍동,73104.9383000001,46.57329999999997
2019,6,봉개동,58877.01619999997,1440.5855000000026
2019,6,삼도1동,40627.84829999992,62.27269999999992
2019,6,삼도2동,244486.64089999982,322.34900000000175
2019,6,삼양동,43262.349399999955,17.792200000000005
2019,6,서홍동,364459.43359999976,3423.2742000000044
2019,6,성산읍,287192.03349999984,716.3750000000003
2019,6,송산동,26226.376599999967,62.795799999999936
2019,6,아라동,65772.30939999998,77.44840000000006
2019,6,안덕면,433682.5342999997,716.8970999999987
2019,6,애월읍,623316.3213000004,5188.279800000005
2019,6,연동,1609728.612600001,2291.430699999999
2019,6,영천동,109083.1508000001,1760.304900000005
2019,6,예래동,341924.84299999947,382.5219000000013
2019,6,오라동,75321.30690000005,212.97990000000107
2019,6,외도동,41977.84809999993,483.5093000000007
2019,6,용담1동,26148.105299999952,26.687900000000006
2019,6,용담2동,1112052.7688000007,1286.7435000000019
2019,6,우도면,82935.80210000002,1179.4716000000033
2019,6,이도1동,56206.96010000002,104.1366000000002
2019,6,이도2동,87947.12830000011,127.68520000000044
2019,6,이호동,65532.398700000056,98.37830000000024
2019,6,일도1동,25031.870400000014,40.816999999999965
2019,6,일도2동,47919.278400000105,7.849499999999999
2019,6,정방동,137670.67720000015,312.9258000000007
2019,6,조천읍,256108.99939999997,673.4660000000006
2019,6,중문동,265900.5519999999,1377.7933000000012
2019,6,중앙동,31769.667299999914,53.37639999999996
2019,6,천지동,52910.33929999998,162.222900000001
2019,6,추자면,76361.8764,892.7161999999967
2019,6,표선면,125293.5841000002,475.14680000000277
2019,6,한경면,44459.26619999999,320.779800000002
2019,6,한림읍,163301.86309999993,1019.8730999999988
2019,6,화북동,16123.605400000035,68.027
2019,6,효돈동,4821.9042999999965,6.802899999999999
2019,7,건입동,234050.99270000003,626.9870999999988
2019,7,구좌읍,106067.48930000006,568.383699999999
2019,7,남원읍,193240.07940000008,8531.446700000006
2019,7,노형동,555134.1993000006,1026.7828000000054
2019,7,대륜동,115005.76450000008,754.6331000000048
2019,7,대정읍,43116.82900000002,272.9520999999986
2019,7,대천동,36602.57870000002,124.43400000000022
2019,7,도두동,473340.8714,2613.944000000001
2019,7,동홍동,93650.55759999994,183.03839999999965
2019,7,봉개동,63719.887399999876,2890.10319999999
2019,7,삼도1동,50873.06810000001,52.98479999999996
2019,7,삼도2동,244482.70390000014,907.972599999999
2019,7,삼양동,43742.903800000044,19.2672
2019,7,서홍동,316507.1244000004,4641.837700000006
2019,7,성산읍,304755.4588000002,2209.320399999999
2019,7,송산동,30309.96520000004,40.94279999999999
2019,7,아라동,62455.684699999954,256.89599999999984
2019,7,안덕면,453049.6326,3022.568299999998
2019,7,애월읍,616311.7589999996,9350.31100000003
2019,7,연동,1858783.358,3297.9326999999944
2019,7,영천동,66592.84510000004,2123.4207999999985
2019,7,예래동,358423.98269999993,394.1747999999981
2019,7,오라동,82368.50909999995,2092.9181000000003
2019,7,외도동,60166.17829999994,5939.173900000005
2019,7,용담1동,33158.45029999997,73.05479999999999
2019,7,용담2동,1089600.4220999992,8805.197000000006
2019,7,우도면,85673.00729999998,1160.0507000000016
2019,7,이도1동,56615.30690000002,259.3043999999988
2019,7,이도2동,81063.58529999992,79.47719999999998
2019,7,이호동,73999.02989999992,1763.7703999999997
2019,7,일도1동,26078.34290000006,198.2921999999998
2019,7,일도2동,56565.05369999991,35.32320000000001
2019,7,정방동,100029.582,467.2297999999977
2019,7,조천읍,246332.16939999996,1061.3035000000013
2019,7,중문동,180495.4127,1823.1680999999978
2019,7,중앙동,30469.97650000001,158.95440000000005
2019,7,천지동,48357.04689999998,98.74440000000014
2019,7,추자면,74851.0736999999,1913.0835999999967
2019,7,표선면,117892.39470000022,2108.170799999998
2019,7,한경면,38979.05679999998,626.1841999999989
2019,7,한림읍,205606.47239999997,2026.2815999999968
2019,7,화북동,14572.65380000003,71.44920000000005
2019,7,효돈동,8503.1812,150.92640000000003
2019,8,건입동,257862.85020000004,1459.8406999999938
2019,8,구좌읍,122585.85079999987,1580.7121999999908
2019,8,남원읍,247117.54870000013,15534.041400000018
2019,8,노형동,717412.0262,1375.4390999999935
2019,8,대륜동,119626.23709999998,1107.6459999999981
2019,8,대정읍,57768.374899999995,225.0720000000003
2019,8,대천동,38423.313,84.4020000000001
2019,8,도두동,519033.1688000002,5761.186599999993
2019,8,동홍동,101077.16320000004,467.85799999999705
2019,8,봉개동,89522.30400000002,3197.8891999999914
2019,8,삼도1동,78791.31090000007,192.77000000000024
2019,8,삼도2동,288427.1518000001,2537.2602999999867
2019,8,삼양동,41312.671099999825,33.34400000000002
2019,8,서홍동,346409.6481000002,7856.628000000023
2019,8,성산읍,334207.93569999945,4519.131700000006
2019,8,송산동,34650.004099999904,127.12400000000017
2019,8,아라동,83724.83349999996,499.1179999999971
2019,8,안덕면,559751.5572999992,7477.349500000016
2019,8,애월읍,672124.7954000001,13789.740899999997
2019,8,연동,2138637.7147999997,7383.565600000019
2019,8,영천동,60607.57179999997,2687.310899999992
2019,8,예래동,421155.0820999995,874.2368999999998
2019,8,오라동,111899.82899999995,5904.977500000011
2019,8,외도동,44309.521199999836,18898.63709999998
2019,8,용담1동,32912.09429999989,132.33400000000015
2019,8,용담2동,1200066.0104999999,24569.166699999987
2019,8,우도면,120321.34040000009,1888.1019999999926
2019,8,이도1동,60432.041699999805,1093.0577999999969
2019,8,이도2동,104646.76150000007,823.1800000000022
2019,8,이호동,80218.97080000013,5807.033100000007
2019,8,일도1동,30103.239199999996,600.1917999999973
2019,8,일도2동,61459.73270000003,142.75400000000016
2019,8,정방동,98338.06110000004,315.72599999999886
2019,8,조천읍,300825.2741999999,2881.1236000000085
2019,8,중문동,209988.08010000043,2700.8581999999856
2019,8,중앙동,22761.939000000046,154.21600000000018
2019,8,천지동,49373.76329999986,116.70400000000014
2019,8,추자면,105514.21449999999,2564.3568999999925
2019,8,표선면,117863.06400000017,6053.990400000018
2019,8,한경면,41838.16009999981,404.29579999999834
2019,8,한림읍,196086.31199999986,2912.379399999992
2019,8,화북동,19709.29240000001,29.17600000000002
2019,8,효돈동,10919.7455,34.386000000000024
2019,9,건입동,196500.0611000001,1786.5735999999922
2019,9,구좌읍,85649.01240000012,1666.6622999999945
2019,9,남원읍,262739.3804999998,12243.23340000001
2019,9,노형동,612435.7922000003,2136.6262999999917
2019,9,대륜동,101359.19629999992,1884.6852999999974
2019,9,대정읍,45490.735400000005,708.5707999999993
2019,9,대천동,29309.017500000013,302.8085
2019,9,도두동,376620.7963999999,9594.247500000012
2019,9,동홍동,75932.00880000013,225.28489999999988
2019,9,봉개동,87778.24470000004,3814.199699999988
2019,9,삼도1동,58136.13839999993,265.2556999999998
2019,9,삼도2동,194846.43630000015,2761.6258000000034
2019,9,삼양동,27273.934399999987,426.34530000000257
2019,9,서홍동,456858.51919999986,5532.950199999995
2019,9,성산읍,257772.06340000013,5295.548999999985
2019,9,송산동,27579.71729999999,65.40479999999998
2019,9,아라동,65818.42420000007,272.5228999999999
2019,9,안덕면,312100.46300000034,7019.145999999988
2019,9,애월읍,586613.1821000001,14158.207900000018
2019,9,연동,1908032.8471000018,11372.350100000005
2019,9,영천동,61531.79149999994,1675.1421999999964
2019,9,예래동,244249.02640000006,870.8724999999969
2019,9,오라동,74007.6441000002,7687.754499999995
2019,9,외도동,35466.597399999875,19590.624799999987
2019,9,용담1동,27841.774599999982,106.58610000000012
2019,9,용담2동,1057020.4492999995,29043.15579999996
2019,9,우도면,64466.182700000056,1564.9171999999917
2019,9,이도1동,55876.33869999993,443.3112000000002
2019,9,이도2동,87989.4076,1366.26929999999
2019,9,이호동,51913.55250000003,6884.700499999986
2019,9,일도1동,25148.596300000023,552.3229000000014
2019,9,일도2동,59098.572500000155,42.39220000000001
2019,9,정방동,92599.43260000015,559.5851000000006
2019,9,조천읍,171370.17170000015,2713.180099999988
2019,9,중문동,142744.5356000001,2148.737899999998
2019,9,중앙동,21633.827699999976,54.50409999999999
2019,9,천지동,40532.564899999976,255.5672
2019,9,추자면,78123.61800000018,3384.205100000002
2019,9,표선면,109762.21200000015,7162.071999999961
2019,9,한경면,35029.40939999987,387.5880000000014
2019,9,한림읍,116508.4208000003,1944.0358999999921
2019,9,화북동,13842.313999999988,39.9701
2019,9,효돈동,8833.11090000002,3.6336000000000004
2019,10,건입동,225410.40569999986,1200.3314999999955
2019,10,구좌읍,116792.40830000027,1389.2869999999932
2019,10,남원읍,242480.20419999986,14165.47450000001
2019,10,노형동,681032.5504,1865.3075999999915
2019,10,대륜동,172132.81600000022,1104.645799999995
2019,10,대정읍,48384.55790000002,608.0392000000005
2019,10,대천동,44277.80019999992,345.1973000000011
2019,10,도두동,400255.3860999995,10380.341999999984
2019,10,동홍동,82131.08920000037,308.86000000000064
2019,10,봉개동,53881.7825999999,3883.243799999987
2019,10,삼도1동,79617.37950000014,463.8995000000019
2019,10,삼도2동,274724.3871999999,3035.3672000000015
2019,10,삼양동,24974.43809999995,282.2119000000004
2019,10,서홍동,654830.1818999996,8373.316699999981
2019,10,성산읍,326872.0383999998,5426.36249999999
2019,10,송산동,31626.335000000046,64.19409999999996
2019,10,아라동,73947.09500000003,450.570200000002
2019,10,안덕면,463985.0432000002,9880.10000000001
2019,10,애월읍,693941.2788999996,18408.45400000002
2019,10,연동,2045087.4793000002,11011.40110000001
2019,10,영천동,83099.91140000029,3032.947600000008
2019,10,예래동,286641.29799999954,1122.8125999999995
2019,10,오라동,83921.27620000024,7154.805799999989
2019,10,외도동,38933.77739999991,13538.052500000018
2019,10,용담1동,31663.908099999964,111.43290000000015
2019,10,용담2동,1198991.2539000013,23621.63739999993
2019,10,우도면,79458.30920000003,2094.2332999999985
2019,10,이도1동,70517.55230000002,466.3237000000017
2019,10,이도2동,100394.66190000025,698.8790999999993
2019,10,이호동,54840.674199999994,9389.547300000006
2019,10,일도1동,31291.430999999975,562.010200000001
2019,10,일도2동,57779.36700000009,250.71899999999945
2019,10,정방동,119937.86870000034,706.1468999999984
2019,10,조천읍,215796.39129999996,1788.999400000003
2019,10,중문동,142340.6219,3214.6339999999946
2019,10,중앙동,28153.171599999943,255.56549999999982
2019,10,천지동,58305.7462,700.0944000000009
2019,10,추자면,55052.30289999985,1899.222099999996
2019,10,표선면,132057.14830000015,5301.6032999999825
2019,10,한경면,43751.41399999987,340.3541000000012
2019,10,한림읍,168717.9874999998,1974.3197999999916
2019,10,화북동,17302.06290000003,222.86560000000011
2019,10,효돈동,16972.685000000016,4.845
2019,11,건입동,152213.75830000002,1644.8612999999937
2019,11,구좌읍,69868.28460000003,1203.9685
2019,11,남원읍,335996.79760000017,13938.97200000001
2019,11,노형동,615620.5834000001,1454.690799999991
2019,11,대륜동,129632.40069999985,1917.3903999999934
2019,11,대정읍,37815.489599999884,792.1453999999991
2019,11,대천동,37352.94139999997,239.8199999999999
2019,11,도두동,380197.34570000024,9861.933700000014
2019,11,동홍동,74814.69680000027,331.87210000000033
2019,11,봉개동,45416.27899999995,2330.4252999999912
2019,11,삼도1동,44697.55149999992,374.26680000000107
2019,11,삼도2동,209505.42459999988,3263.082800000009
2019,11,삼양동,30888.29609999994,85.99839999999999
2019,11,서홍동,599295.7788000003,7068.809399999993
2019,11,성산읍,217790.16900000002,5010.904099999986
2019,11,송산동,20599.702700000038,79.93960000000006
2019,11,아라동,58442.323699999935,152.61309999999997
2019,11,안덕면,344351.7941999999,6827.774399999986
2019,11,애월읍,618446.1735999999,14686.307600000042
2019,11,연동,1832562.626300001,7103.937199999997
2019,11,영천동,56011.0901,1776.8842000000009
2019,11,예래동,166125.4388000001,1116.7577999999944
2019,11,오라동,67973.93380000013,8587.704199999996
2019,11,외도동,28910.278699999886,18055.984999999993
2019,11,용담1동,29981.927999999894,422.7234000000018
2019,11,용담2동,970253.5436000004,21657.001799999995
2019,11,우도면,56492.05000000006,1360.2151999999917
2019,11,이도1동,47966.70389999995,325.8175000000004
2019,11,이도2동,77191.52880000012,328.2372000000006
2019,11,이호동,54917.756800000054,9372.593199999998
2019,11,일도1동,21397.4806,793.3562999999988
2019,11,일도2동,50150.59900000014,26.64670000000001
2019,11,정방동,88172.03370000022,429.98620000000017
2019,11,조천읍,128958.1155000002,1841.0828999999928
2019,11,중문동,147216.47429999989,3173.4524000000056
2019,11,중앙동,23583.47259999998,24.224300000000007
2019,11,천지동,46443.64759999989,386.3823
2019,11,추자면,47728.01959999995,2417.6364999999932
2019,11,표선면,111944.95200000027,5646.806899999988
2019,11,한경면,27674.838899999882,952.0322000000006
2019,11,한림읍,127176.18169999997,1985.2188999999935
2019,11,화북동,8320.917299999986,285.85009999999994
2019,11,효돈동,11354.952499999998,53.29349999999999
2019,12,건입동,162207.93130000008,1518.888399999998
2019,12,구좌읍,66043.42480000004,702.5113999999991
2019,12,남원읍,243519.84849999993,14530.057999999999
2019,12,노형동,682941.4112000003,2513.323899999993
2019,12,대륜동,147864.4794000002,1002.8988999999996
2019,12,대정읍,39387.32179999978,353.67800000000074
2019,12,대천동,48712.90189999993,324.60740000000044
2019,12,도두동,388543.9463000001,18317.611800000024
2019,12,동홍동,98760.91729999971,593.5044999999997
2019,12,봉개동,42568.98119999993,2420.05669999999
2019,12,삼도1동,74436.69880000001,155.0341000000001
2019,12,삼도2동,199999.65050000008,3030.5206999999964
2019,12,삼양동,27265.954100000003,546.2667999999992
2019,12,서홍동,507001.2257000005,9050.403299999989
2019,12,성산읍,210492.9360000002,5279.799099999998
2019,12,송산동,15306.895899999992,122.33360000000012
2019,12,아라동,56365.12289999992,419.0802000000014
2019,12,안덕면,370075.69800000044,6080.43180000001
2019,12,애월읍,643373.9545999999,14771.096100000052
2019,12,연동,1924208.9910999988,12123.319500000041
2019,12,영천동,41137.88049999983,2329.213299999997
2019,12,예래동,147547.10480000018,897.5227000000017
2019,12,오라동,74538.38550000018,8481.117799999982
2019,12,외도동,35530.18509999988,18392.706999999984
2019,12,용담1동,28032.565400000003,425.14120000000054
2019,12,용담2동,1069594.5733999994,24995.18379999997
2019,12,우도면,47208.473299999976,1759.9269999999976
2019,12,이도1동,47678.16969999995,366.9982000000003
2019,12,이도2동,86363.51109999999,559.584700000002
2019,12,이호동,62987.955300000176,8523.509699999984
2019,12,일도1동,22161.954700000013,730.3718000000007
2019,12,일도2동,56959.596400000075,152.61399999999998
2019,12,정방동,81896.26469999988,710.990099999999
2019,12,조천읍,152897.4845000001,1392.9206999999935
2019,12,중문동,149509.47700000013,2223.8351999999954
2019,12,중앙동,19234.95990000002,170.7813000000001
2019,12,천지동,40897.043999999994,155.03450000000004
2019,12,추자면,58076.85320000006,3014.7810999999933
2019,12,표선면,124325.93150000015,5526.893999999989
2019,12,한경면,30397.80919999993,354.8878000000006
2019,12,한림읍,118530.91070000014,3593.7501999999818
2019,12,화북동,11448.23419999997,66.61659999999998
2019,12,효돈동,6256.193900000008,107.79710000000016
2020,1,건입동,157952.8849000003,1130.0826999999947
2020,1,구좌읍,62401.12950000017,557.1658000000011
2020,1,남원읍,158398.04870000004,11166.441500000006
2020,1,노형동,653987.9220999999,3914.7305000000124
2020,1,대륜동,78250.39130000024,735.208499999997
2020,1,대정읍,45663.158599999966,651.6365000000008
2020,1,대천동,35074.61469999993,139.28920000000005
2020,1,도두동,361865.14049999975,14132.771200000032
2020,1,동홍동,62869.68220000012,391.2295000000006
2020,1,봉개동,28389.435400000024,2153.58359999999
2020,1,삼도1동,60870.90899999995,442.0947000000013
2020,1,삼도2동,171292.81900000008,2202.0281999999947
2020,1,삼양동,18225.935500000025,118.69760000000021
2020,1,서홍동,295385.11600000015,5638.335299999996
2020,1,성산읍,194113.36200000028,4624.517799999985
2020,1,송산동,17589.59969999999,150.19170000000017
2020,1,아라동,46545.75240000001,62.982699999999966
2020,1,안덕면,281184.7737000001,5020.597400000005
2020,1,애월읍,553392.1348000005,11133.737500000017
2020,1,연동,1846011.3267999992,8586.494699999992
2020,1,영천동,38896.56979999997,1678.7764999999945
2020,1,예래동,144794.96340000036,618.9378000000016
2020,1,오라동,77506.45140000021,7197.201999999991
2020,1,외도동,43889.45719999999,16747.842000000015
2020,1,용담1동,27243.454899999964,434.8291000000022
2020,1,용담2동,974514.2399000003,22451.580100000083
2020,1,우도면,41300.72409999989,1187.0083999999952
2020,1,이도1동,41304.33589999998,196.2166999999998
2020,1,이도2동,78377.76070000014,226.49669999999952
2020,1,이호동,58937.96160000018,6282.714299999986
2020,1,일도1동,23701.64700000003,513.559300000002
2020,1,일도2동,61938.86400000017,264.04209999999955
2020,1,정방동,72407.01260000025,251.93319999999977
2020,1,조천읍,144107.61289999998,1015.0100999999967
2020,1,중문동,133266.3407999998,1746.60539999999
2020,1,중앙동,19860.800700000033,69.03899999999999
2020,1,천지동,36458.13479999992,30.280100000000015
2020,1,추자면,28169.30080000001,2537.5479999999975
2020,1,표선면,85574.22670000029,4788.037100000005
2020,1,한경면,29727.3962999999,195.00570000000005
2020,1,한림읍,110955.98110000015,1802.3222999999894
2020,1,화북동,13526.440200000005,31.49130000000002
2020,1,효돈동,6430.098900000015,1.2112
2020,2,건입동,35302.45959999987,242.2419999999997
2020,2,구좌읍,24273.892800000016,145.34650000000002
2020,2,남원읍,70334.62519999985,7676.852799999984
2020,2,노형동,113618.37480000059,2181.443300000002
2020,2,대륜동,24760.164599999953,192.58369999999968
2020,2,대정읍,18370.096599999983,405.7599000000019
2020,2,대천동,12561.47429999993,106.58630000000012
2020,2,도두동,48218.86009999974,4201.7920000000295
2020,2,동홍동,36236.469599999866,522.0376000000032
2020,2,봉개동,14622.906799999988,2212.935099999991
2020,2,삼도1동,32364.359899999945,41.181200000000004
2020,2,삼도2동,54394.36599999997,2163.272899999993
2020,2,삼양동,5456.08859999997,79.93930000000003
2020,2,서홍동,105847.24329999999,5687.991999999991
2020,2,성산읍,57336.63179999969,3412.062900000006
2020,2,송산동,6452.323699999999,144.13290000000012
2020,2,아라동,20875.526199999968,156.24490000000003
2020,2,안덕면,82844.81080000033,3484.740000000008
2020,2,애월읍,124224.38230000054,9514.307399999998
2020,2,연동,271749.276699999,3667.6384000000066
2020,2,영천동,16824.322699999993,2078.4865999999943
2020,2,예래동,35850.862399999896,94.47430000000007
2020,2,오라동,29539.5734,7844.00489999997
2020,2,외도동,10888.15490000003,15193.817700000003
2020,2,용담1동,7933.313899999942,32.70240000000002
2020,2,용담2동,142723.3951,19544.600099999992
2020,2,우도면,14853.052500000003,1464.382899999989
2020,2,이도1동,17400.483900000072,266.47059999999993
2020,2,이도2동,35462.784400000026,144.1347000000001
2020,2,이호동,12351.039300000075,5461.490699999984
2020,2,일도1동,2707.322600000003,107.79890000000009
2020,2,일도2동,11817.48460000007,323.39550000000116
2020,2,정방동,21222.3594,81.15209999999998
2020,2,조천읍,37549.67389999995,387.5915000000024
2020,2,중문동,38303.32780000002,2071.2190999999957
2020,2,중앙동,8170.063500000013,399.6965000000016
2020,2,천지동,11652.363599999968,21.801800000000007
2020,2,추자면,16241.789899999978,1193.0655999999954
2020,2,표선면,23218.944599999944,3750.00010000001
2020,2,한경면,11082.356700000004,179.25819999999987
2020,2,한림읍,58981.00050000019,1271.7983999999951
2020,2,화북동,5176.5078999999505,83.57280000000006
2020,2,효돈동,2624.7558000000167,20.590400000000006
2020,3,건입동,5113.02270000002,162.30440000000004
2020,3,구좌읍,8891.862500000014,31.491300000000017
2020,3,남원읍,62091.11669999993,4224.8083000000015
2020,3,노형동,23704.193899999984,276.1575999999995
2020,3,대륜동,8463.302099999979,209.5404000000002
2020,3,대정읍,12384.873499999992,79.93920000000004
2020,3,대천동,4160.2383999999975,23.01280000000001
2020,3,도두동,5387.049399999999,0.0
2020,3,동홍동,8588.837200000022,6.056
2020,3,봉개동,12910.584999999992,1040.4487999999951
2020,3,삼도1동,2956.3893999999987,0.0
2020,3,삼도2동,6514.041800000004,88.42030000000005
2020,3,삼양동,3565.937400000029,8.4784
2020,3,서홍동,196494.1557,2312.2551000000317
2020,3,성산읍,16760.89529999995,388.8070000000013
2020,3,송산동,2794.2103000000106,89.62880000000008
2020,3,아라동,11419.045100000018,4.8448
2020,3,안덕면,18191.195499999914,155.03360000000004
2020,3,애월읍,131667.11040000024,4527.621799999981
2020,3,연동,60246.488000000354,88.41760000000008
2020,3,영천동,13191.749099999995,853.9234999999995
2020,3,예래동,4367.332500000012,0.0
2020,3,오라동,6258.2076,3.6336000000000004
2020,3,외도동,2693.700200000015,61.77309999999999
2020,3,용담1동,3822.5219000000125,0.0
2020,3,용담2동,14259.49850000005,115.06590000000018
2020,3,우도면,11670.940699999988,674.6567999999995
2020,3,이도1동,3122.720300000007,8.4785
2020,3,이도2동,13824.924200000003,61.77119999999997
2020,3,이호동,3134.5712999999823,67.82719999999999
2020,3,일도1동,1114.1127000000001,2.4224
2020,3,일도2동,3298.940900000005,110.21920000000017
2020,3,정방동,7315.193500000021,96.89600000000011
2020,3,조천읍,17307.833599999994,490.5474000000017
2020,3,중문동,31228.67319999999,1046.5101999999995
2020,3,중앙동,6321.648100000019,0.0
2020,3,천지동,3624.996800000007,0.0
2020,3,추자면,14306.183100000011,1001.6916999999958
2020,3,표선면,11438.80990000005,408.18450000000155
2020,3,한경면,8219.095300000014,202.27520000000038
2020,3,한림읍,28505.926199999987,1155.5166999999988
2020,3,화북동,4516.120300000018,0.0
2020,3,효돈동,2076.7980000000175,8.4784
2020,4,건입동,4836.619800000024,310.0745000000007
2020,4,구좌읍,6488.9066000000075,67.82749999999999
2020,4,남원읍,45310.220200000054,6021.084399999992
2020,4,노형동,16284.337400000026,105.37530000000008
2020,4,대륜동,4962.808000000008,78.72820000000003
2020,4,대정읍,8816.951500000028,36.336600000000004
2020,4,대천동,3967.2633000000083,42.392
2020,4,도두동,2220.632000000007,0.0
2020,4,동홍동,6152.427400000031,4.8449
2020,4,봉개동,10183.895099999962,1214.8675999999966
2020,4,삼도1동,1402.3914999999984,0.0
2020,4,삼도2동,2657.7980000000016,0.0
2020,4,삼양동,3621.7759999999976,1.2112
2020,4,서홍동,165662.46550000017,4912.796999999996
2020,4,성산읍,5491.533900000002,324.60690000000096
2020,4,송산동,1635.654400000011,18.168000000000003
2020,4,아라동,6842.5769999999575,53.292999999999985
2020,4,안덕면,6532.923200000007,41.180800000000005
2020,4,애월읍,85811.48150000004,4653.591699999982
2020,4,연동,28386.845299999768,85.99520000000007
2020,4,영천동,13935.389799999968,2214.1452000000086
2020,4,예래동,3779.32029999998,30.28000000000002
2020,4,오라동,1930.220100000004,1.2112
2020,4,외도동,2351.8789000000115,0.0
2020,4,용담1동,1223.7108000000003,31.492300000000004
2020,4,용담2동,3365.1299000000067,100.53170000000009
2020,4,우도면,7412.379900000005,750.963299999999
2020,4,이도1동,4080.3681000000247,33.91360000000002
2020,4,이도2동,10441.589900000012,301.59190000000007
2020,4,이호동,700.1765000000004,6.056
2020,4,일도1동,268.2410000000004,0.0
2020,4,일도2동,5372.285100000006,61.77119999999997
2020,4,정방동,3775.8239999999705,0.0
2020,4,조천읍,11585.834400000003,639.5267
2020,4,중문동,24505.709700000003,1652.1260999999981
2020,4,중앙동,3772.4718999999855,0.0
2020,4,천지동,1663.003600000005,0.0
2020,4,추자면,13844.434999999978,1465.5967999999932
2020,4,표선면,8810.398000000037,451.78500000000173
2020,4,한경면,4279.942700000016,178.04779999999997
2020,4,한림읍,25797.54329999996,1102.223499999998
2020,4,화북동,1549.4342000000079,0.0
2020,4,효돈동,1553.4959000000067,0.0
2020,5,건입동,697.9988999999965,16.027400000000053
2020,5,구좌읍,444.46099999999944,3.0983
2020,5,남원읍,9382.095200000002,336.112500000001
2020,5,노형동,1466.5140000000042,5.182500000000001
2020,5,대륜동,478.99580000000145,5.4218
2020,5,대정읍,1057.416,13.463500000000028
2020,5,대천동,325.6214999999994,2.0331
2020,5,도두동,127.77939999999957,0.0484
2020,5,동홍동,376.45369999999866,4.4047
2020,5,봉개동,1295.5708000000031,69.4058000000002
2020,5,삼도1동,241.76290000000066,0.0484
2020,5,삼도2동,230.69200000000026,1.7424
2020,5,삼양동,216.2373999999998,0.0968
2020,5,서홍동,11785.335499999992,199.13360000000068
2020,5,성산읍,1033.448300000005,22.032100000000128
2020,5,송산동,232.1027999999998,1.694
2020,5,아라동,950.8731999999986,7.117
2020,5,안덕면,705.7085000000019,1.5972
2020,5,애월읍,9199.722199999998,323.5684000000005
2020,5,연동,2155.2020000000084,0.0
2020,5,영천동,1920.1503000000012,74.0092
2020,5,예래동,469.3699999999985,1.5006
2020,5,오라동,645.1704999999993,0.1936
2020,5,외도동,344.96389999999826,0.6292
2020,5,용담1동,46.509900000000016,0.0484
2020,5,용담2동,420.9294999999993,6.3888
2020,5,우도면,1323.5353000000007,51.486500000000056
2020,5,이도1동,476.0467999999993,5.4208
2020,5,이도2동,937.2343000000001,9.631600000000027
2020,5,이호동,157.4239000000001,9.680000000000028
2020,5,일도1동,91.34410000000017,4.2592
2020,5,일도2동,740.1459999999988,0.0484
2020,5,정방동,70.95419999999963,0.0
2020,5,조천읍,1667.0692999999999,47.079500000000074
2020,5,중문동,3277.8075,118.72340000000015
2020,5,중앙동,214.62669999999912,0.0
2020,5,천지동,101.09090000000002,0.0
2020,5,추자면,2778.322399999999,106.65860000000052
2020,5,표선면,919.8193999999984,28.71840000000017
2020,5,한경면,487.760999999999,8.765000000000004
2020,5,한림읍,3094.5850000000005,63.93319999999999
2020,5,화북동,169.43649999999892,0.0
2020,5,효돈동,85.1979999999999,0.3388
2020,6,건입동,973.8662000000012,5.7510999999999886
2020,6,구좌읍,1259.6009999999994,1.1741000000000013
2020,6,남원읍,12293.452400000002,152.60050000000035
2020,6,노형동,1827.5598000000043,3.761100000000003
2020,6,대륜동,609.5783999999992,3.4824999999999924
2020,6,대정읍,819.3704000000026,3.780999999999994
2020,6,대천동,366.3588000000004,0.8358000000000009
2020,6,도두동,291.27939999999944,0.0
2020,6,동홍동,633.5235000000017,0.8557000000000007
2020,6,봉개동,1775.2734000000023,24.178499999999854
2020,6,삼도1동,108.84820000000013,0.0
2020,6,삼도2동,218.5904999999995,0.4975000000000004
2020,6,삼양동,478.14099999999974,0.0
2020,6,서홍동,9906.817699999994,115.44470000000025
2020,6,성산읍,1281.0324999999978,11.024599999999948
2020,6,송산동,269.05710000000124,1.5920000000000019
2020,6,아라동,818.182399999997,1.2935000000000014
2020,6,안덕면,1099.3132000000035,2.726299999999995
2020,6,애월읍,12375.77289999999,145.09680000000037
2020,6,연동,3350.73909999999,2.9849999999999928
2020,6,영천동,3566.210899999999,35.81999999999977
2020,6,예래동,957.9736999999984,1.7711000000000017
2020,6,오라동,2637.85690000002,0.0199
2020,6,외도동,231.5061999999999,0.0
2020,6,용담1동,367.30530000000067,0.5771000000000005
2020,6,용담2동,579.3964000000019,0.0
2020,6,우도면,1465.6096000000014,24.99439999999986
2020,6,이도1동,485.09370000000183,0.0597
2020,6,이도2동,1544.6340000000087,0.0
2020,6,이호동,192.62229999999983,0.0199
2020,6,일도1동,150.47329999999982,0.0
2020,6,일도2동,430.73599999999897,0.0
2020,6,정방동,263.51029999999986,0.1592
2020,6,조천읍,1664.1461999999995,13.15389999999993
2020,6,중문동,4360.5280000000075,63.79939999999959
2020,6,중앙동,274.40349999999825,8.895299999999956
2020,6,천지동,50.011600000000065,0.0
2020,6,추자면,3307.3428999999983,40.39699999999978
2020,6,표선면,803.0412999999994,6.885399999999981
2020,6,한경면,779.916500000001,10.487299999999948
2020,6,한림읍,3418.7435999999993,24.815299999999883
2020,6,화북동,417.3808000000006,0.0
2020,6,효돈동,22.1009,0.7164000000000007
2020,7,건입동,1631.8412999999891,23.9594000000001
2020,7,구좌읍,1641.7769999999884,3.3366999999999987
2020,7,남원읍,17288.94439999997,501.28060000000045
2020,7,노형동,3020.634899999988,16.464900000000057
2020,7,대륜동,1597.92049999999,11.323200000000034
2020,7,대정읍,2131.730099999989,23.302200000000106
2020,7,대천동,391.0931999999982,3.2819999999999987
2020,7,도두동,755.5086999999994,1.6956999999999993
2020,7,동홍동,998.1319999999976,5.470000000000009
2020,7,봉개동,2748.8341999999993,78.06929999999987
2020,7,삼도1동,175.47149999999976,2.2426999999999992
2020,7,삼도2동,508.8021999999976,0.0547
2020,7,삼양동,1261.8834999999963,0.0
2020,7,서홍동,14149.366199999933,325.98049999999927
2020,7,성산읍,2029.9220999999825,24.945100000000107
2020,7,송산동,411.3358000000006,1.9691999999999992
2020,7,아라동,1641.2235999999966,3.3366999999999987
2020,7,안덕면,5340.3847000000005,3.3366999999999987
2020,7,애월읍,15763.589699999951,393.5519000000013
2020,7,연동,5838.30410000001,0.8751999999999998
2020,7,영천동,3440.8938999999928,88.90209999999992
2020,7,예래동,1308.8680999999926,4.0478999999999985
2020,7,오라동,1707.297800000009,1.5862999999999994
2020,7,외도동,982.4383999999972,1.8050999999999993
2020,7,용담1동,394.30850000000044,0.0
2020,7,용담2동,1358.6849999999945,7.6591999999999985
2020,7,우도면,1826.6244999999906,49.782599999999924
2020,7,이도1동,475.2333000000007,0.1641
2020,7,이도2동,1234.463399999995,0.1094
2020,7,이호동,427.69080000000025,1.4768999999999994
2020,7,일도1동,275.41240000000056,0.0547
2020,7,일도2동,331.86210000000017,0.0
2020,7,정방동,253.63040000000044,1.3127999999999995
2020,7,조천읍,3027.270999999989,45.732899999999965
2020,7,중문동,7290.49959999998,178.63959999999977
2020,7,중앙동,303.2241999999991,2.461499999999999
2020,7,천지동,120.7905000000001,0.0
2020,7,추자면,4437.928599999983,117.68429999999987
2020,7,표선면,1219.5639999999912,37.30780000000003
2020,7,한경면,773.9310999999915,12.690800000000051
2020,7,한림읍,4756.432899999996,78.12439999999938
2020,7,화북동,1521.4601999999845,1.3127999999999995
2020,7,효돈동,49.48580000000004,0.3828999999999999
2020,8,건입동,2196.0662999999995,64.51010000000004
2020,8,구좌읍,787.6507999999984,3.6694000000000013
2020,8,남원읍,21069.04939999996,819.1850999999998
2020,8,노형동,4171.7738000000045,29.6172
2020,8,대륜동,1456.0371999999998,12.976099999999981
2020,8,대정읍,3519.233700000015,10.739499999999984
2020,8,대천동,854.7599999999993,5.817300000000004
2020,8,도두동,413.9748000000003,4.385500000000002
2020,8,동홍동,1313.9365999999945,7.607300000000006
2020,8,봉개동,3690.0511000000024,169.27389999999974
2020,8,삼도1동,535.5075999999981,0.0
2020,8,삼도2동,270.85950000000105,0.179
2020,8,삼양동,937.1330999999952,0.0
2020,8,서홍동,31381.322,599.4417999999993
2020,8,성산읍,2953.558099999996,67.73170000000007
2020,8,송산동,63.03169999999995,1.0739
2020,8,아라동,6963.810100000008,60.74909999999976
2020,8,안덕면,5297.510000000007,25.41700000000004
2020,8,애월읍,22557.152599999972,725.2399000000005
2020,8,연동,4973.347500000052,38.30500000000019
2020,8,영천동,4580.826599999991,161.48849999999942
2020,8,예래동,1582.5695999999891,8.949399999999995
2020,8,오라동,1871.8362999999997,2.3269999999999995
2020,8,외도동,1036.5701999999926,0.0
2020,8,용담1동,371.266000000001,0.7160000000000001
2020,8,용담2동,2194.3919000000024,51.81130000000012
2020,8,우도면,2443.9590000000026,114.60819999999995
2020,8,이도1동,628.3025999999986,0.4475
2020,8,이도2동,2565.785400000002,0.179
2020,8,이호동,268.5804999999993,18.52569999999997
2020,8,일도1동,77.59339999999992,0.0
2020,8,일도2동,364.5789999999995,0.0
2020,8,정방동,121.81460000000003,0.0
2020,8,조천읍,4133.303800000012,112.46490000000007
2020,8,중문동,8040.22369999999,367.27089999999873
2020,8,중앙동,150.60749999999993,0.0
2020,8,천지동,26.4559,0.0
2020,8,추자면,5844.890699999978,362.704499999999
2020,8,표선면,1657.2962000000025,58.96320000000006
2020,8,한경면,800.7981999999977,27.201099999999993
2020,8,한림읍,5244.483099999985,114.25089999999997
2020,8,화북동,388.0121999999992,0.0
2020,8,효돈동,135.93259999999984,0.179
2020,9,건입동,3052.311700000004,81.77820000000007
2020,9,구좌읍,749.5993999999986,7.070100000000007
2020,9,남원읍,26410.85869999998,916.3472999999994
2020,9,노형동,4401.806699999992,22.905800000000028
2020,9,대륜동,1174.1266000000012,15.03319999999995
2020,9,대정읍,1814.877499999985,10.558199999999982
2020,9,대천동,933.6554999999988,5.191000000000003
2020,9,도두동,302.5618999999992,2.506
2020,9,동홍동,1413.2358999999956,2.1477999999999997
2020,9,봉개동,6183.277299999976,217.23059999999998
2020,9,삼도1동,1068.0407999999975,0.0
2020,9,삼도2동,503.32979999999833,0.0
2020,9,삼양동,801.7764999999984,0.0895
2020,9,서홍동,44014.95169999999,443.8593999999989
2020,9,성산읍,3045.6159999999945,60.21540000000008
2020,9,송산동,178.99039999999985,6.980400000000005
2020,9,아라동,4346.096999999995,4.027300000000002
2020,9,안덕면,4433.529800000011,18.611099999999997
2020,9,애월읍,29492.32210000001,884.2272000000013
2020,9,연동,4923.87600000001,9.575599999999989
2020,9,영천동,6524.598899999975,190.65710000000033
2020,9,예래동,1040.6060999999968,12.617299999999963
2020,9,오라동,1267.4670000000037,0.0
2020,9,외도동,1389.3974999999955,27.47410000000012
2020,9,용담1동,477.5241999999997,2.5954
2020,9,용담2동,1384.3587999999975,17.80929999999996
2020,9,우도면,11043.396699999985,143.41779999999946
2020,9,이도1동,711.2614999999987,0.0
2020,9,이도2동,3607.0537000000077,0.179
2020,9,이호동,206.1723999999996,20.942899999999998
2020,9,일도1동,74.40490000000003,0.0
2020,9,일도2동,527.6446999999984,0.0
2020,9,정방동,503.00420000000054,0.0
2020,9,조천읍,4688.748499999992,119.44230000000005
2020,9,중문동,9068.706699999988,289.61199999999957
2020,9,중앙동,103.51929999999997,0.0
2020,9,천지동,245.65970000000056,0.179
2020,9,추자면,6732.841599999982,275.83149999999966
2020,9,표선면,1514.6871999999983,31.047099999999986
2020,9,한경면,1040.7749999999987,47.15340000000011
2020,9,한림읍,4206.39579999999,16.10649999999998
2020,9,화북동,902.2222000000016,2.1479999999999992
2020,9,효돈동,71.61319999999995,0.6265000000000001
2020,10,건입동,2248.825500000002,47.06460000000008
2020,10,구좌읍,1046.2641999999964,1.1635
2020,10,남원읍,30964.519399999976,843.3391999999986
2020,10,노형동,5046.114200000012,13.69189999999997
2020,10,대륜동,711.9365000000003,9.574999999999992
2020,10,대정읍,705.9892999999971,3.400800000000001
2020,10,대천동,759.4842999999978,8.323200000000003
2020,10,도두동,514.0392999999976,0.0
2020,10,동홍동,1930.6621999999998,0.8055000000000001
2020,10,봉개동,5474.92729999997,172.94079999999997
2020,10,삼도1동,558.2010999999987,0.0
2020,10,삼도2동,718.1605999999997,0.0
2020,10,삼양동,853.1417999999962,0.0
2020,10,서홍동,46464.72979999996,378.0941999999984
2020,10,성산읍,1644.9813000000004,41.69620000000011
2020,10,송산동,309.82349999999974,4.206000000000002
2020,10,아라동,3078.121400000012,8.591900000000003
2020,10,안덕면,4308.821700000028,6.085600000000004
2020,10,애월읍,36661.5083,681.2201999999997
2020,10,연동,5584.603500000031,14.230499999999955
2020,10,영천동,8265.841299999973,184.92940000000016
2020,10,예래동,1638.3466000000094,3.0427000000000004
2020,10,오라동,1410.3477999999984,2.1479999999999992
2020,10,외도동,482.898,0.0
2020,10,용담1동,195.81369999999998,0.358
2020,10,용담2동,1585.3297999999963,6.444000000000005
2020,10,우도면,4438.182699999992,156.929
2020,10,이도1동,928.0397000000044,0.0
2020,10,이도2동,1787.2473000000016,0.0
2020,10,이호동,349.32440000000014,2.4164999999999996
2020,10,일도1동,335.7192999999992,0.0
2020,10,일도2동,528.1492999999995,0.0
2020,10,정방동,300.86929999999927,0.0
2020,10,조천읍,4593.348400000006,67.99940000000005
2020,10,중문동,12318.297199999995,207.03010000000037
2020,10,중앙동,169.93530000000035,0.0
2020,10,천지동,350.9300000000014,0.0
2020,10,추자면,6231.31339999998,217.31799999999984
2020,10,표선면,1657.503499999998,50.284700000000015
2020,10,한경면,1271.8516999999983,22.906299999999966
2020,10,한림읍,1545.3249999999998,8.233800000000006
2020,10,화북동,894.1957999999973,2.4164999999999996
2020,10,효돈동,36.65569999999996,0.0
2020,11,건입동,1494.7568999999953,16.889700000000055
2020,11,구좌읍,1703.9288999999937,0.4097000000000001
2020,11,남원읍,18785.100800000007,229.42269999999894
2020,11,노형동,4660.411699999987,4.63079999999998
2020,11,대륜동,745.8803000000005,1.9771000000000005
2020,11,대정읍,2557.6126999999965,0.7230000000000002
2020,11,대천동,1141.8844999999978,0.9881000000000003
2020,11,도두동,865.4973000000018,0.0
2020,11,동홍동,962.3163000000025,0.6025000000000001
2020,11,봉개동,4662.647900000004,49.471699999999785
2020,11,삼도1동,263.9187000000003,0.0
2020,11,삼도2동,426.0837000000007,0.0
2020,11,삼양동,411.4831999999995,1.1568000000000003
2020,11,서홍동,29716.20390000004,133.09740000000033
2020,11,성산읍,1885.1492999999923,6.679799999999975
2020,11,송산동,207.2683000000002,1.0123000000000002
2020,11,아라동,3285.022400000008,0.28920000000000007
2020,11,안덕면,2777.5886999999993,8.172999999999956
2020,11,애월읍,25766.759400000003,172.8767999999996
2020,11,연동,5189.403499999991,4.267999999999981
2020,11,영천동,6161.989500000014,59.24819999999955
2020,11,예래동,1293.716700000004,0.7233000000000002
2020,11,오라동,2526.5314000000067,1.3743000000000003
2020,11,외도동,364.6035000000004,0.0
2020,11,용담1동,107.22930000000007,0.31340000000000007
2020,11,용담2동,767.9318000000005,3.6659999999999857
2020,11,우도면,4047.3164000000043,39.913799999999895
2020,11,이도1동,933.9629000000011,1.9280000000000006
2020,11,이도2동,2384.3204000000055,2.434099999999997
2020,11,이호동,316.7715000000002,0.0
2020,11,일도1동,95.69320000000018,0.0
2020,11,일도2동,1328.9892999999938,0.0
2020,11,정방동,175.79270000000017,0.0
2020,11,조천읍,3690.4975000000027,19.97790000000007
2020,11,중문동,6743.480200000004,68.41789999999979
2020,11,중앙동,288.6944000000003,0.0
2020,11,천지동,81.82720000000016,0.0
2020,11,추자면,5085.464100000011,50.84879999999973
2020,11,표선면,2049.689599999994,10.515700000000006
2020,11,한경면,770.7688000000046,6.63099999999997
2020,11,한림읍,2126.4345000000103,0.43380000000000013
2020,11,화북동,873.5654000000036,0.0
2020,11,효돈동,47.1454,0.0
2020,12,건입동,2072.2525,11.023999999999978
2020,12,구좌읍,851.0025000000014,1.1087000000000002
2020,12,남원읍,28486.643599999967,260.2226999999995
2020,12,노형동,3587.9895999999935,2.0732
2020,12,대륜동,2120.290900000009,2.0499
2020,12,대정읍,2255.295499999984,0.8677000000000002
2020,12,대천동,787.0085000000014,2.4602999999999966
2020,12,도두동,900.1095999999965,0.0241
2020,12,동홍동,1191.6242999999986,0.0241
2020,12,봉개동,5302.062700000016,50.62989999999975
2020,12,삼도1동,579.4114000000026,0.0
2020,12,삼도2동,753.3297000000018,0.0241
2020,12,삼양동,1260.6815000000056,0.0
2020,12,서홍동,17026.56689999997,114.32140000000054
2020,12,성산읍,4538.883599999998,4.533399999999985
2020,12,송산동,764.7725999999975,0.31340000000000007
2020,12,아라동,2405.6784999999973,1.1327000000000003
2020,12,안덕면,4047.2076000000047,0.1446
2020,12,애월읍,34067.32389999998,245.54489999999984
2020,12,연동,5573.608599999987,2.193099999999999
2020,12,영천동,7432.358000000018,67.76629999999963
2020,12,예래동,1717.896899999997,1.4946000000000004
2020,12,오라동,2150.7380000000067,1.8316000000000006
2020,12,외도동,745.7482999999974,0.1205
2020,12,용담1동,545.4853000000008,0.0
2020,12,용담2동,1141.8319000000001,0.0482
2020,12,우도면,3536.515599999998,32.14150000000004
2020,12,이도1동,732.3415000000003,0.0
2020,12,이도2동,2889.476100000007,0.0
2020,12,이호동,239.0646000000002,0.0
2020,12,일도1동,75.95430000000006,0.0
2020,12,일도2동,537.7204000000012,0.0
2020,12,정방동,453.66040000000237,0.0
2020,12,조천읍,5787.737799999983,23.815300000000036
2020,12,중문동,7969.380900000007,69.55229999999976
2020,12,중앙동,118.73980000000036,0.0
2020,12,천지동,104.00430000000017,0.0
2020,12,추자면,5386.635900000009,65.37829999999973
2020,12,표선면,2233.6998999999983,20.049800000000072
2020,12,한경면,2413.2083000000007,7.187499999999985
2020,12,한림읍,1680.5558999999914,0.9399000000000003
2020,12,화북동,374.38539999999904,0.0
2020,12,효돈동,73.64910000000023,0.0482
2021,1,건입동,502.86259999999857,4.241900000000001
2021,1,구좌읍,183.43219999999974,0.5874000000000006
2021,1,남원읍,13809.463599999985,131.0249999999997
2021,1,노형동,1206.114199999997,0.7566000000000009
2021,1,대륜동,538.7567999999981,1.1836999999999998
2021,1,대정읍,237.55820000000026,0.6057000000000003
2021,1,대천동,263.1679000000003,0.7298000000000008
2021,1,도두동,74.88230000000006,0.0178
2021,1,동홍동,314.5469000000013,0.0178
2021,1,봉개동,2168.488500000003,17.639900000000072
2021,1,삼도1동,34.84909999999999,0.0
2021,1,삼도2동,358.34200000000044,0.0
2021,1,삼양동,242.1681999999999,0.0
2021,1,서홍동,4367.392099999997,25.36450000000006
2021,1,성산읍,802.8750999999972,2.607999999999998
2021,1,송산동,100.29280000000007,0.6320000000000006
2021,1,아라동,505.58119999999894,0.1691
2021,1,안덕면,1434.483900000001,0.40050000000000024
2021,1,애월읍,14936.557799999997,108.70599999999966
2021,1,연동,1954.5554000000106,0.765400000000001
2021,1,영천동,3250.3040000000087,20.24270000000004
2021,1,예래동,374.47939999999807,0.6231000000000002
2021,1,오라동,245.52149999999932,0.053399999999999996
2021,1,외도동,35.41170000000001,0.0
2021,1,용담1동,17.780900000000013,0.0712
2021,1,용담2동,301.039,0.09790000000000001
2021,1,우도면,1356.0880999999933,13.301400000000024
2021,1,이도1동,191.8037999999997,0.0178
2021,1,이도2동,479.11479999999716,0.0
2021,1,이호동,96.06710000000027,0.21359999999999996
2021,1,일도1동,6.700699999999997,0.0
2021,1,일도2동,208.9904999999991,0.0
2021,1,정방동,215.66379999999958,0.0445
2021,1,조천읍,1730.812999999994,10.438200000000014
2021,1,중문동,3112.9041000000016,20.422400000000025
2021,1,중앙동,29.572499999999984,0.0
2021,1,천지동,52.599400000000244,0.0
2021,1,추자면,2092.3387,21.608300000000032
2021,1,표선면,945.0047999999979,13.737700000000013
2021,1,한경면,405.8915999999987,4.566899999999986
2021,1,한림읍,1344.6942999999983,0.783200000000001
2021,1,화북동,176.28820000000096,0.0
2021,1,효돈동,10.25279999999999,0.0178
2021,2,건입동,681.1467999999996,5.123699999999989
2021,2,구좌읍,338.45739999999904,0.5164000000000004
2021,2,남원읍,10669.848899999995,100.89439999999985
2021,2,노형동,1484.0525000000025,2.180699999999995
2021,2,대륜동,828.4631999999982,0.8455000000000011
2021,2,대정읍,230.3907000000007,0.0267
2021,2,대천동,261.08020000000033,0.5607000000000005
2021,2,도두동,149.95519999999982,0.6141000000000006
2021,2,동홍동,437.81079999999884,0.0267
2021,2,봉개동,1989.7481000000014,20.05410000000008
2021,2,삼도1동,300.47789999999947,0.0
2021,2,삼도2동,142.08599999999979,0.26699999999999996
2021,2,삼양동,68.49300000000038,0.0
2021,2,서홍동,2927.628100000001,20.644600000000086
2021,2,성산읍,659.3033999999994,1.5219999999999971
2021,2,송산동,17.609500000000008,0.33840000000000015
2021,2,아라동,1816.2929000000072,0.18689999999999998
2021,2,안덕면,1644.8067999999887,0.25809999999999994
2021,2,애월읍,11152.835199999994,78.55359999999986
2021,2,연동,1008.7072999999947,0.22249999999999995
2021,2,영천동,2194.07709999999,18.416999999999994
2021,2,예래동,280.35780000000074,0.25809999999999994
2021,2,오라동,111.82300000000001,0.09790000000000001
2021,2,외도동,291.3680999999994,0.22249999999999995
2021,2,용담1동,17.6353,0.178
2021,2,용담2동,381.7236999999997,1.0324000000000013
2021,2,우도면,963.8914999999981,10.33119999999999
2021,2,이도1동,89.71250000000035,0.22249999999999995
2021,2,이도2동,761.2084999999995,0.0
2021,2,이호동,139.7207000000005,0.0178
2021,2,일도1동,33.09430000000002,0.0089
2021,2,일도2동,180.50660000000022,0.0
2021,2,정방동,114.71450000000053,0.0
2021,2,조천읍,1299.0454999999974,7.895999999999975
2021,2,중문동,2317.5886000000023,18.032100000000067
2021,2,중앙동,58.231300000000275,0.0
2021,2,천지동,14.100300000000004,0.0
2021,2,추자면,1667.1735999999996,16.612399999999997
2021,2,표선면,616.4727999999991,6.387799999999989
2021,2,한경면,624.4114999999998,0.8372000000000008
2021,2,한림읍,1379.0501999999965,0.4806000000000004
2021,2,화북동,131.6061999999998,0.0
2021,2,효돈동,80.81870000000005,0.5251000000000006
2021,3,건입동,1455.0004000000054,5.945799999999974
2021,3,구좌읍,1216.062800000007,1.6529000000000007
2021,3,남원읍,27368.124800000012,111.5659
2021,3,노형동,2979.3665999999967,0.5206000000000003
2021,3,대륜동,1289.0531000000035,0.5684000000000003
2021,3,대정읍,1292.8360000000048,0.5689000000000003
2021,3,대천동,774.1247000000037,0.5043000000000003
2021,3,도두동,490.59460000000547,0.0
2021,3,동홍동,869.6291000000003,0.032
2021,3,봉개동,3399.078999999994,12.674699999999877
2021,3,삼도1동,417.30590000000007,0.0
2021,3,삼도2동,244.41540000000066,0.21600000000000014
2021,3,삼양동,244.40379999999973,0.0
2021,3,서홍동,6897.8634000000275,18.210799999999963
2021,3,성산읍,1211.8333,1.730700000000001
2021,3,송산동,458.0628000000001,0.13600000000000007
2021,3,아라동,2679.631899999997,0.064
2021,3,안덕면,2974.268300000006,2.1124000000000005
2021,3,애월읍,28531.247600000024,89.14119999999984
2021,3,연동,4920.793699999994,1.578500000000001
2021,3,영천동,3671.7966999999876,15.584599999999933
2021,3,예래동,1475.6483000000007,0.1921000000000001
2021,3,오라동,478.2200000000013,0.09600000000000003
2021,3,외도동,841.848200000004,0.008
2021,3,용담1동,222.4830000000004,0.0
2021,3,용담2동,786.5875000000035,0.048
2021,3,우도면,2313.0387999999966,8.807599999999928
2021,3,이도1동,844.7464000000049,0.0
2021,3,이도2동,2367.8523000000087,0.0
2021,3,이호동,88.19790000000006,0.056
2021,3,일도1동,188.49819999999974,0.0
2021,3,일도2동,616.7546000000013,0.0
2021,3,정방동,480.1269000000003,0.008
2021,3,조천읍,2692.176399999994,8.495999999999947
2021,3,중문동,3786.356799999985,14.5389999999999
2021,3,중앙동,233.98030000000057,0.20800000000000013
2021,3,천지동,212.49850000000103,0.0
2021,3,추자면,3299.9547999999986,16.636199999999928
2021,3,표선면,1737.0117999999993,8.416099999999938
2021,3,한경면,902.1888000000031,2.847699999999998
2021,3,한림읍,2875.956299999998,0.3760000000000003
2021,3,화북동,1817.2016999999983,0.0
2021,3,효돈동,212.83869999999962,0.26420000000000016
2021,4,건입동,1171.6222000000025,3.457599999999995
2021,4,구좌읍,1150.012100000004,0.5282000000000003
2021,4,남원읍,27297.307200000032,94.42550000000004
2021,4,노형동,3319.703199999985,0.27220000000000016
2021,4,대륜동,1125.3373000000051,1.2101000000000006
2021,4,대정읍,2144.3555999999935,0.2961000000000002
2021,4,대천동,630.0278000000011,0.2960000000000002
2021,4,도두동,340.7604000000017,0.0
2021,4,동홍동,665.3503000000018,0.6160000000000004
2021,4,봉개동,3550.982299999995,13.91189999999989
2021,4,삼도1동,504.6383000000012,0.0
2021,4,삼도2동,586.4796999999996,0.19200000000000012
2021,4,삼양동,559.8950000000021,0.0
2021,4,서홍동,3418.3571999999917,15.351899999999878
2021,4,성산읍,2009.4900000000023,2.391599999999997
2021,4,송산동,131.35209999999998,0.24030000000000012
2021,4,아라동,1948.3026000000004,0.7763000000000005
2021,4,안덕면,2652.496299999999,0.8570000000000005
2021,4,애월읍,28575.667600000044,76.96879999999989
2021,4,연동,5900.511400000012,0.0
2021,4,영천동,5197.562999999986,10.367999999999878
2021,4,예래동,1282.1712999999986,0.9284000000000007
2021,4,오라동,902.7038000000034,0.6000000000000004
2021,4,외도동,314.01869999999946,0.25600000000000017
2021,4,용담1동,41.513300000000015,0.0
2021,4,용담2동,699.2234000000027,0.0
2021,4,우도면,2454.2287,9.001599999999957
2021,4,이도1동,743.2347000000004,0.21600000000000014
2021,4,이도2동,1614.6406999999929,0.0
2021,4,이호동,343.3449000000026,0.0
2021,4,일도1동,158.5624999999999,0.0
2021,4,일도2동,926.4404000000072,0.0
2021,4,정방동,551.1558999999997,0.0
2021,4,조천읍,3551.493699999992,8.463499999999941
2021,4,중문동,5397.1622999999945,18.891899999999925
2021,4,중앙동,197.07270000000045,0.0
2021,4,천지동,203.67580000000024,0.0
2021,4,추자면,4309.045899999996,14.122399999999878
2021,4,표선면,2148.1411999999996,9.700699999999928
2021,4,한경면,1176.9363000000021,2.874099999999995
2021,4,한림읍,1843.8706999999883,0.16810000000000008
2021,4,화북동,829.0338000000012,0.0
2021,4,효돈동,193.74679999999972,0.08000000000000002
2021,5,건입동,1202.170800000003,4.380599999999989
2021,5,구좌읍,1337.440299999998,1.481800000000001
2021,5,남원읍,27802.644800000035,86.67349999999982
2021,5,노형동,2973.9106999999995,0.3525000000000002
2021,5,대륜동,1556.531599999998,2.0466000000000006
2021,5,대정읍,580.6056000000005,2.8353999999999964
2021,5,대천동,3240.1738000000273,0.6892000000000004
2021,5,도두동,83.443,0.10400000000000004
2021,5,동홍동,1084.0810000000015,0.22400000000000014
2021,5,봉개동,2779.4823999999962,9.459699999999941
2021,5,삼도1동,220.70000000000022,0.0
2021,5,삼도2동,466.21200000000226,0.048
2021,5,삼양동,386.7889000000006,0.24000000000000016
2021,5,서홍동,3270.031499999992,13.54979999999991
2021,5,성산읍,1930.2779999999982,6.326099999999972
2021,5,송산동,221.55569999999986,1.9740000000000009
2021,5,아라동,1462.6797000000045,0.18420000000000009
2021,5,안덕면,2326.521699999989,1.0335000000000005
2021,5,애월읍,27180.92760000001,92.09889999999994
2021,5,연동,4841.58669999999,0.24000000000000016
2021,5,영천동,7090.220099999985,12.681999999999869
2021,5,예래동,1210.4099000000006,1.8553000000000006
2021,5,오라동,671.1765000000025,0.024
2021,5,외도동,126.48009999999992,0.0
2021,5,용담1동,298.68180000000154,0.016
2021,5,용담2동,431.4423,0.064
2021,5,우도면,3355.484999999998,18.473699999999923
2021,5,이도1동,455.9256000000007,0.008
2021,5,이도2동,1584.6646000000046,0.0
2021,5,이호동,133.44410000000005,0.32000000000000023
2021,5,일도1동,74.29610000000005,0.0
2021,5,일도2동,298.5637,0.0
2021,5,정방동,117.32629999999993,0.32000000000000023
2021,5,조천읍,3439.715299999996,8.889599999999954
2021,5,중문동,4528.657400000016,17.944399999999966
2021,5,중앙동,221.5363,0.008
2021,5,천지동,91.27909999999993,0.008
2021,5,추자면,3502.3815000000004,15.501699999999895
2021,5,표선면,2099.4567999999995,9.130899999999956
2021,5,한경면,1154.3896000000032,4.485599999999986
2021,5,한림읍,1326.8368999999973,1.0414000000000005
2021,5,화북동,185.9942000000002,0.0
2021,5,효돈동,370.9096000000002,1.0574000000000006
2021,6,건입동,1069.6490000000026,9.750399999999956
2021,6,구좌읍,1141.1126000000074,5.0863999999999825
2021,6,남원읍,30737.139700000003,230.16230000000064
2021,6,노형동,3328.566200000012,1.6720000000000002
2021,6,대륜동,1909.6631000000039,3.6959999999999944
2021,6,대정읍,1265.6148000000003,3.379199999999999
2021,6,대천동,643.6068000000038,1.0207999999999988
2021,6,도두동,58.3364,0.0352
2021,6,동홍동,1918.8284000000049,0.10560000000000001
2021,6,봉개동,3409.6959000000065,26.612100000000005
2021,6,삼도1동,140.9010000000005,0.0
2021,6,삼도2동,805.2970000000039,0.0
2021,6,삼양동,283.58240000000023,0.0
2021,6,서홍동,2799.6315000000045,14.467199999999917
2021,6,성산읍,1781.081200000008,14.503099999999954
2021,6,송산동,532.682000000002,2.2175999999999996
2021,6,아라동,4153.628300000001,15.311999999999934
2021,6,안덕면,2469.9834000000005,0.5807999999999999
2021,6,애월읍,27569.215300000043,185.61619999999994
2021,6,연동,5263.1607000000095,0.0
2021,6,영천동,3357.222500000009,18.86719999999997
2021,6,예래동,1191.633900000007,2.4288000000000007
2021,6,오라동,609.2895000000033,0.12320000000000002
2021,6,외도동,264.79190000000006,0.0176
2021,6,용담1동,151.4108000000003,0.0
2021,6,용담2동,1012.9739000000029,0.1232
2021,6,우도면,4118.8313,31.82330000000023
2021,6,이도1동,258.6728000000002,0.0176
2021,6,이도2동,1577.5813999999996,0.0
2021,6,이호동,123.77409999999995,0.0
2021,6,일도1동,66.83410000000018,0.0
2021,6,일도2동,334.5446000000006,0.47520000000000007
2021,6,정방동,848.5978000000032,0.0
2021,6,조천읍,3456.4986000000076,20.011199999999988
2021,6,중문동,3979.8057000000026,39.23420000000009
2021,6,중앙동,237.0342000000013,0.0
2021,6,천지동,145.63250000000033,0.0
2021,6,추자면,4191.231199999999,36.41770000000016
2021,6,표선면,2557.4620000000027,21.508800000000008
2021,6,한경면,734.5653000000045,9.081699999999964
2021,6,한림읍,1761.4904000000072,0.3168
2021,6,화북동,324.87980000000147,0.0
2021,6,효돈동,202.21580000000046,2.5343999999999984
